__time,/time/dim,/time/time
1694537074.705436,181000.000000000,174169.000000000
1694537074.726480,182000.000000000,158909.000000000
1694537074.746777,183000.000000000,165836.000000000
1694537074.767384,184000.000000000,151200.000000000
1694537074.787969,185000.000000000,163336.000000000
1694537074.809411,186000.000000000,154638.000000000
1694537074.830110,187000.000000000,147867.000000000
1694537074.851687,188000.000000000,448131.000000000
1694537074.874165,189000.000000000,172190.000000000
1694537074.895849,190000.000000000,161461.000000000
1694537074.917910,191000.000000000,158961.000000000
1694537074.941182,192000.000000000,165992.000000000
1694537074.961326,193000.000000000,207815.000000000
1694537074.983632,194000.000000000,186826.000000000
1694537075.005775,195000.000000000,201721.000000000
1694537075.028316,196000.000000000,154222.000000000
1694537075.050276,197000.000000000,207607.000000000
1694537075.072638,198000.000000000,161721.000000000
1694537075.095541,199000.000000000,164899.000000000
1694537075.117555,200000.000000000,180576.000000000
1694537075.140131,201000.000000000,197919.000000000
1694537075.163294,202000.000000000,190784.000000000
1694537075.185691,203000.000000000,181930.000000000
1694537075.208933,204000.000000000,159274.000000000
1694537075.232124,205000.000000000,182294.000000000
1694537075.255475,206000.000000000,212868.000000000
1694537075.278340,207000.000000000,189743.000000000
1694537075.303478,208000.000000000,174898.000000000
1694537075.326934,209000.000000000,194065.000000000
1694537075.351193,210000.000000000,221097.000000000
1694537075.374656,211000.000000000,166930.000000000
1694537075.398422,212000.000000000,171565.000000000
1694537075.422364,213000.000000000,163440.000000000
1694537075.446288,214000.000000000,174690.000000000
1694537075.470131,215000.000000000,163232.000000000
1694537075.494575,216000.000000000,178596.000000000
1694537075.519026,217000.000000000,178336.000000000
1694537075.543577,218000.000000000,190419.000000000
1694537075.567688,219000.000000000,159846.000000000
1694537075.592579,220000.000000000,170315.000000000
1694537075.617233,221000.000000000,162034.000000000
1694537075.641681,222000.000000000,181929.000000000
1694537075.666220,223000.000000000,160523.000000000
1694537075.691756,224000.000000000,229014.000000000
1694537075.717266,225000.000000000,209951.000000000
1694537075.742849,226000.000000000,218910.000000000
1694537075.768064,227000.000000000,171252.000000000
1694537075.793161,228000.000000000,165679.000000000
1694537075.818897,229000.000000000,174169.000000000
1694537075.844792,230000.000000000,183492.000000000
1694537075.870758,231000.000000000,172815.000000000
1694537075.897280,232000.000000000,181409.000000000
1694537075.923142,233000.000000000,176565.000000000
1694537075.949344,234000.000000000,181305.000000000
1694537075.975790,235000.000000000,200992.000000000
1694537076.002701,236000.000000000,189794.000000000
1694537076.028196,237000.000000000,164222.000000000
1694537076.054995,238000.000000000,182451.000000000
1694537076.081441,239000.000000000,176304.000000000
1694537076.108200,240000.000000000,259900.000000000
1694537076.135725,241000.000000000,194430.000000000
1694537076.162713,242000.000000000,195732.000000000
1694537076.190285,243000.000000000,191565.000000000
1694537076.217319,244000.000000000,191045.000000000
1694537076.244613,245000.000000000,170575.000000000
1694537076.272058,246000.000000000,182763.000000000
1694537076.299405,247000.000000000,177086.000000000
1694537076.326994,248000.000000000,179013.000000000
1694537076.354956,249000.000000000,192242.000000000
1694537076.383188,250000.000000000,196826.000000000
1694537076.410958,251000.000000000,174013.000000000
1694537076.439472,252000.000000000,204483.000000000
1694537076.467608,253000.000000000,184169.000000000
1694537076.495944,254000.000000000,201878.000000000
1694537076.524343,255000.000000000,242921.000000000
1694537076.552547,256000.000000000,179013.000000000
1694537076.581343,257000.000000000,185993.000000000
1694537076.610076,258000.000000000,184690.000000000
1694537076.638743,259000.000000000,191044.000000000
1694537076.667538,260000.000000000,178961.000000000
1694537076.696539,261000.000000000,179638.000000000
1694537076.725662,262000.000000000,206044.000000000
1694537076.754896,263000.000000000,239743.000000000
1694537076.786073,264000.000000000,470840.000000000
1694537076.814639,265000.000000000,176461.000000000
1694537076.844107,266000.000000000,187346.000000000
1694537076.873511,267000.000000000,180627.000000000
1694537076.903413,268000.000000000,177450.000000000
1694537076.933171,269000.000000000,199743.000000000
1694537076.964034,270000.000000000,196097.000000000
1694537076.994074,271000.000000000,187242.000000000
1694537077.024422,272000.000000000,180627.000000000
1694537077.054496,273000.000000000,221461.000000000
1694537077.085317,274000.000000000,194691.000000000
1694537077.116079,275000.000000000,184481.000000000
1694537077.146846,276000.000000000,188024.000000000
1694537077.177720,277000.000000000,190420.000000000
1694537077.208684,278000.000000000,199847.000000000
1694537077.239551,279000.000000000,179690.000000000
1694537077.270964,280000.000000000,186721.000000000
1694537077.302393,281000.000000000,184899.000000000
1694537077.333453,282000.000000000,206878.000000000
1694537077.364846,283000.000000000,190836.000000000
1694537077.396439,284000.000000000,192607.000000000
1694537077.428711,285000.000000000,214691.000000000
1694537077.460479,286000.000000000,195264.000000000
1694537077.492580,287000.000000000,182920.000000000
1694537077.524799,288000.000000000,188232.000000000
1694537077.556894,289000.000000000,199482.000000000
1694537077.588944,290000.000000000,198805.000000000
1694537077.621376,291000.000000000,207815.000000000
1694537077.653927,292000.000000000,188024.000000000
1694537077.686268,293000.000000000,189846.000000000
1694537077.719377,294000.000000000,190471.000000000
1694537077.752214,295000.000000000,264848.000000000
1694537077.785279,296000.000000000,197659.000000000
1694537077.818047,297000.000000000,187190.000000000
1694537077.851243,298000.000000000,185836.000000000
1694537077.884525,299000.000000000,200628.000000000
1694537077.917503,300000.000000000,187190.000000000
1694537077.950835,301000.000000000,193544.000000000
1694537077.984231,302000.000000000,187399.000000000
1694537078.017894,303000.000000000,196565.000000000
1694537078.051791,304000.000000000,193857.000000000
1694537078.085324,305000.000000000,185732.000000000
1694537078.119446,306000.000000000,188544.000000000
1694537078.153059,307000.000000000,198701.000000000
1694537078.187275,308000.000000000,196461.000000000
1694537078.221161,309000.000000000,191461.000000000
1694537078.255598,310000.000000000,200941.000000000
1694537078.290040,311000.000000000,241253.000000000
1694537078.324721,312000.000000000,214378.000000000
1694537078.359900,313000.000000000,208753.000000000
1694537078.396580,314000.000000000,956681.000000000
1694537078.431000,315000.000000000,224275.000000000
1694537078.464377,316000.000000000,212659.000000000
1694537078.498475,317000.000000000,195889.000000000
1694537078.533052,318000.000000000,211045.000000000
1694537078.567613,319000.000000000,204430.000000000
1694537078.602269,320000.000000000,196618.000000000
1694537078.637109,321000.000000000,203701.000000000
1694537078.671792,322000.000000000,201201.000000000
1694537078.706699,323000.000000000,206201.000000000
1694537078.741807,324000.000000000,204691.000000000
1694537078.776886,325000.000000000,202295.000000000
1694537078.812138,326000.000000000,204274.000000000
1694537078.847586,327000.000000000,221045.000000000
1694537078.883070,328000.000000000,201722.000000000
1694537078.918640,329000.000000000,203180.000000000
1694537078.954276,330000.000000000,202295.000000000
1694537078.990020,331000.000000000,215889.000000000
1694537079.025816,332000.000000000,197294.000000000
1694537079.061897,333000.000000000,202243.000000000
1694537079.097865,334000.000000000,203440.000000000
1694537079.134111,335000.000000000,210524.000000000
1694537079.170478,336000.000000000,230472.000000000
1694537079.207146,337000.000000000,223024.000000000
1694537079.243585,338000.000000000,207399.000000000
1694537079.279998,339000.000000000,222451.000000000
1694537079.316766,340000.000000000,220941.000000000
1694537079.353611,341000.000000000,209638.000000000
1694537079.390583,342000.000000000,201201.000000000
1694537079.428385,343000.000000000,236149.000000000
1694537079.465039,344000.000000000,216149.000000000
1694537079.502828,345000.000000000,216149.000000000
1694537079.539721,346000.000000000,212139.000000000
1694537079.577147,347000.000000000,214743.000000000
1694537079.614757,348000.000000000,213076.000000000
1694537079.652446,349000.000000000,216253.000000000
1694537079.690567,350000.000000000,225993.000000000
1694537079.728665,351000.000000000,241306.000000000
1694537079.766551,352000.000000000,217504.000000000
1694537079.804605,353000.000000000,207191.000000000
1694537079.842841,354000.000000000,221878.000000000
1694537079.881156,355000.000000000,218493.000000000
1694537079.919618,356000.000000000,228389.000000000
1694537079.958151,357000.000000000,204795.000000000
1694537079.996835,358000.000000000,213545.000000000
1694537080.035756,359000.000000000,242816.000000000
1694537080.074566,360000.000000000,221305.000000000
1694537080.113637,361000.000000000,217138.000000000
1694537080.152659,362000.000000000,220941.000000000
1694537080.191850,363000.000000000,217556.000000000
1694537080.231101,364000.000000000,221826.000000000
1694537080.270407,365000.000000000,213492.000000000
1694537080.309853,366000.000000000,214222.000000000
1694537080.349391,367000.000000000,222504.000000000
1694537080.389176,368000.000000000,232243.000000000
1694537080.428917,369000.000000000,218858.000000000
1694537080.468706,370000.000000000,226723.000000000
1694537080.508801,371000.000000000,216358.000000000
1694537080.548914,372000.000000000,238024.000000000
1694537080.589250,373000.000000000,220837.000000000
1694537080.629462,374000.000000000,222607.000000000
1694537080.669936,375000.000000000,233909.000000000
1694537080.710508,376000.000000000,222556.000000000
1694537080.751384,377000.000000000,255733.000000000
1694537080.792151,378000.000000000,222399.000000000
1694537080.833114,379000.000000000,224951.000000000
1694537080.874152,380000.000000000,228024.000000000
1694537080.915207,381000.000000000,245369.000000000
1694537080.956406,382000.000000000,232399.000000000
1694537080.997673,383000.000000000,225316.000000000
1694537081.039057,384000.000000000,226409.000000000
1694537081.080605,385000.000000000,238597.000000000
1694537081.122185,386000.000000000,221149.000000000
1694537081.164138,387000.000000000,290108.000000000
1694537081.205927,388000.000000000,234899.000000000
1694537081.247912,389000.000000000,275733.000000000
1694537081.289959,390000.000000000,235732.000000000
1694537081.332207,391000.000000000,228077.000000000
1694537081.374460,392000.000000000,227764.000000000
1694537081.416937,393000.000000000,245368.000000000
1694537081.459431,394000.000000000,238128.000000000
1694537081.501917,395000.000000000,226150.000000000
1694537081.544705,396000.000000000,233962.000000000
1694537081.587524,397000.000000000,264431.000000000
1694537081.630363,398000.000000000,227035.000000000
1694537081.673395,399000.000000000,225263.000000000
1694537081.716574,400000.000000000,241097.000000000
1694537081.759793,401000.000000000,245160.000000000
1694537081.803150,402000.000000000,230004.000000000
1694537081.846529,403000.000000000,235160.000000000
1694537081.890008,404000.000000000,228858.000000000
1694537081.933928,405000.000000000,252816.000000000
1694537081.976926,406000.000000000,234326.000000000
1694537082.020731,407000.000000000,241253.000000000
1694537082.064692,408000.000000000,240525.000000000
1694537082.108933,409000.000000000,257296.000000000
1694537082.153078,410000.000000000,238129.000000000
1694537082.197290,411000.000000000,236254.000000000
1694537082.241699,412000.000000000,243962.000000000
1694537082.286227,413000.000000000,236514.000000000
1694537082.330793,414000.000000000,230785.000000000
1694537082.375641,415000.000000000,245421.000000000
1694537082.420513,416000.000000000,245421.000000000
1694537082.465436,417000.000000000,257608.000000000
1694537082.510446,418000.000000000,234535.000000000
1694537082.555655,419000.000000000,237972.000000000
1694537082.600769,420000.000000000,245316.000000000
1694537082.646115,421000.000000000,248597.000000000
1694537082.691748,422000.000000000,254483.000000000
1694537082.737306,423000.000000000,236983.000000000
1694537082.782824,424000.000000000,243701.000000000
1694537082.828737,425000.000000000,234743.000000000
1694537082.874717,426000.000000000,246515.000000000
1694537082.920475,427000.000000000,243285.000000000
1694537082.966582,428000.000000000,244639.000000000
1694537083.012645,429000.000000000,253598.000000000
1694537083.058925,430000.000000000,263649.000000000
1694537083.105374,431000.000000000,248858.000000000
1694537083.152775,432000.000000000,257504.000000000
1694537083.198447,433000.000000000,251774.000000000
1694537083.245273,434000.000000000,266619.000000000
1694537083.292094,435000.000000000,273962.000000000
1694537083.339882,436000.000000000,258493.000000000
1694537083.386375,437000.000000000,252400.000000000
1694537083.434002,438000.000000000,287296.000000000
1694537083.480978,439000.000000000,261671.000000000
1694537083.528262,440000.000000000,258649.000000000
1694537083.575814,441000.000000000,252921.000000000
1694537083.624142,442000.000000000,260369.000000000
1694537083.671131,443000.000000000,260785.000000000
1694537083.719056,444000.000000000,253441.000000000
1694537083.767010,445000.000000000,248701.000000000
1694537083.814800,446000.000000000,270420.000000000
1694537083.862904,447000.000000000,245785.000000000
1694537083.911162,448000.000000000,254640.000000000
1694537083.959510,449000.000000000,255524.000000000
1694537084.007976,450000.000000000,295785.000000000
1694537084.056537,451000.000000000,266150.000000000
1694537084.105116,452000.000000000,254900.000000000
1694537084.153891,453000.000000000,267556.000000000
1694537084.202795,454000.000000000,263286.000000000
1694537084.251712,455000.000000000,258702.000000000
1694537084.300849,456000.000000000,259483.000000000
1694537084.349941,457000.000000000,267400.000000000
1694537084.399543,458000.000000000,287713.000000000
1694537084.448865,459000.000000000,255056.000000000
1694537084.498343,460000.000000000,250160.000000000
1694537084.547850,461000.000000000,255889.000000000
1694537084.597591,462000.000000000,247921.000000000
1694537084.647328,463000.000000000,291410.000000000
1694537084.697556,464000.000000000,264535.000000000
1694537084.747678,465000.000000000,260525.000000000
1694537084.797774,466000.000000000,254795.000000000
1694537084.847965,467000.000000000,292036.000000000
1694537084.898239,468000.000000000,267348.000000000
1694537084.948824,469000.000000000,267139.000000000
1694537084.999684,470000.000000000,294484.000000000
1694537085.050054,471000.000000000,284118.000000000
1694537085.100726,472000.000000000,272295.000000000
1694537085.151755,473000.000000000,269326.000000000
1694537085.202812,474000.000000000,276879.000000000
1694537085.253825,475000.000000000,287765.000000000
1694537085.305052,476000.000000000,246722.000000000
1694537085.356169,477000.000000000,261618.000000000
1694537085.407669,478000.000000000,273441.000000000
1694537085.459252,479000.000000000,286671.000000000
1694537085.510893,480000.000000000,267816.000000000
1694537085.562738,481000.000000000,278234.000000000
1694537085.615562,482000.000000000,272243.000000000
1694537085.667474,483000.000000000,292869.000000000
1694537085.719689,484000.000000000,266201.000000000
1694537085.771933,485000.000000000,274483.000000000
1694537085.823473,486000.000000000,280421.000000000
1694537085.874942,487000.000000000,275681.000000000
1694537085.928183,488000.000000000,274014.000000000
1694537085.980040,489000.000000000,300213.000000000
1694537086.033087,490000.000000000,288285.000000000
1694537086.085634,491000.000000000,276775.000000000
1694537086.138507,492000.000000000,271306.000000000
1694537086.191825,493000.000000000,271931.000000000
1694537086.245404,494000.000000000,280578.000000000
1694537086.299196,495000.000000000,278806.000000000
1694537086.352938,496000.000000000,277816.000000000
1694537086.406393,497000.000000000,289484.000000000
1694537086.459888,498000.000000000,262817.000000000
1694537086.514374,499000.000000000,277973.000000000
1694537086.568040,500000.000000000,270161.000000000
1694537086.621008,501000.000000000,271410.000000000
1694537086.674754,502000.000000000,263389.000000000
1694537086.728966,503000.000000000,268702.000000000
1694537086.783500,504000.000000000,294483.000000000
1694537086.837399,505000.000000000,284483.000000000
1694537086.891815,506000.000000000,274848.000000000
1694537086.946228,507000.000000000,275577.000000000
1694537087.000733,508000.000000000,305370.000000000
1694537087.055367,509000.000000000,285317.000000000
1694537087.110223,510000.000000000,272036.000000000
1694537087.165060,511000.000000000,277400.000000000
1694537087.220006,512000.000000000,283598.000000000
1694537087.276017,513000.000000000,287296.000000000
1694537087.330441,514000.000000000,285942.000000000
1694537087.385964,515000.000000000,272244.000000000
1694537087.441266,516000.000000000,299588.000000000
1694537087.496925,517000.000000000,279796.000000000
1694537087.552706,518000.000000000,281828.000000000
1694537087.608446,519000.000000000,313494.000000000
1694537087.664155,520000.000000000,323911.000000000
1694537087.720008,521000.000000000,307765.000000000
1694537087.776168,522000.000000000,315734.000000000
1694537087.832245,523000.000000000,303234.000000000
1694537087.888387,524000.000000000,303598.000000000
1694537087.945393,525000.000000000,363286.000000000
1694537088.002658,526000.000000000,431153.000000000
1694537088.059522,527000.000000000,274014.000000000
1694537088.116466,528000.000000000,273077.000000000
1694537088.173304,529000.000000000,275525.000000000
1694537088.230470,530000.000000000,271098.000000000
1694537088.287688,531000.000000000,269483.000000000
1694537088.345371,532000.000000000,284536.000000000
1694537088.402653,533000.000000000,273858.000000000
1694537088.460272,534000.000000000,336828.000000000
1694537088.518739,535000.000000000,310786.000000000
1694537088.575720,536000.000000000,278546.000000000
1694537088.633438,537000.000000000,273859.000000000
1694537088.691462,538000.000000000,270264.000000000
1694537088.749406,539000.000000000,289118.000000000
1694537088.807827,540000.000000000,278702.000000000
1694537088.865997,541000.000000000,280264.000000000
1694537088.924575,542000.000000000,330577.000000000
1694537088.983001,543000.000000000,280733.000000000
1694537089.041536,544000.000000000,286411.000000000
1694537089.100308,545000.000000000,285734.000000000
1694537089.159277,546000.000000000,273181.000000000
1694537089.218148,547000.000000000,284952.000000000
1694537089.277270,548000.000000000,291514.000000000
1694537089.336406,549000.000000000,357506.000000000
1694537089.394646,550000.000000000,284171.000000000
1694537089.454044,551000.000000000,290577.000000000
1694537089.513452,552000.000000000,285577.000000000
1694537089.573200,553000.000000000,282869.000000000
1694537089.632720,554000.000000000,291254.000000000
1694537089.692369,555000.000000000,330786.000000000
1694537089.752637,556000.000000000,354589.000000000
1694537089.812372,557000.000000000,288598.000000000
1694537089.872440,558000.000000000,280056.000000000
1694537089.932724,559000.000000000,286567.000000000
1694537089.992902,560000.000000000,292348.000000000
1694537090.053380,561000.000000000,283807.000000000
1694537090.114137,562000.000000000,292764.000000000
1694537090.174672,563000.000000000,291411.000000000
1694537090.235431,564000.000000000,291775.000000000
1694537090.296484,565000.000000000,345890.000000000
1694537090.357371,566000.000000000,293546.000000000
1694537090.418021,567000.000000000,305525.000000000
1694537090.479341,568000.000000000,298390.000000000
1694537090.540547,569000.000000000,295681.000000000
1694537090.602021,570000.000000000,291515.000000000
1694537090.663626,571000.000000000,294431.000000000
1694537090.725140,572000.000000000,293181.000000000
1694537090.786901,573000.000000000,293182.000000000
1694537090.848721,574000.000000000,288390.000000000
1694537090.910629,575000.000000000,301672.000000000
1694537090.972626,576000.000000000,288754.000000000
1694537091.034729,577000.000000000,292661.000000000
1694537091.096880,578000.000000000,293494.000000000
1694537091.159148,579000.000000000,302088.000000000
1694537091.221618,580000.000000000,293286.000000000
1694537091.284085,581000.000000000,312713.000000000
1694537091.346681,582000.000000000,300057.000000000
1694537091.409518,583000.000000000,301775.000000000
1694537091.472409,584000.000000000,300369.000000000
1694537091.535347,585000.000000000,305212.000000000
1694537091.599155,586000.000000000,332818.000000000
1694537091.662238,587000.000000000,292244.000000000
1694537091.725572,588000.000000000,313963.000000000
1694537091.788900,589000.000000000,294067.000000000
1694537091.852404,590000.000000000,311672.000000000
1694537091.915938,591000.000000000,294067.000000000
1694537091.980180,592000.000000000,298494.000000000
1694537092.043836,593000.000000000,300473.000000000
1694537092.107875,594000.000000000,308442.000000000
1694537092.171597,595000.000000000,298129.000000000
1694537092.235762,596000.000000000,300213.000000000
1694537092.299865,597000.000000000,308910.000000000
1694537092.364555,598000.000000000,310161.000000000
1694537092.429430,599000.000000000,339484.000000000
1694537092.493778,600000.000000000,299067.000000000
1694537092.558379,601000.000000000,319797.000000000
1694537092.623664,602000.000000000,307192.000000000
1694537092.688402,603000.000000000,290577.000000000
1694537092.753337,604000.000000000,321359.000000000
1694537092.818535,605000.000000000,303442.000000000
1694537092.883804,606000.000000000,299744.000000000
1694537092.949087,607000.000000000,297973.000000000
1694537093.014373,608000.000000000,301931.000000000
1694537093.079903,609000.000000000,308285.000000000
1694537093.145670,610000.000000000,311880.000000000
1694537093.211344,611000.000000000,304275.000000000
1694537093.277232,612000.000000000,300995.000000000
1694537093.344085,613000.000000000,322557.000000000
1694537093.409536,614000.000000000,306671.000000000
1694537093.475759,615000.000000000,308130.000000000
1694537093.542011,616000.000000000,307192.000000000
1694537093.608378,617000.000000000,355527.000000000
1694537093.674858,618000.000000000,308807.000000000
1694537093.741336,619000.000000000,317766.000000000
1694537093.808017,620000.000000000,305109.000000000
1694537093.874696,621000.000000000,322297.000000000
1694537093.942035,622000.000000000,312661.000000000
1694537094.008822,623000.000000000,309379.000000000
1694537094.075892,624000.000000000,326568.000000000
1694537094.143062,625000.000000000,315369.000000000
1694537094.210356,626000.000000000,314171.000000000
1694537094.277785,627000.000000000,319744.000000000
1694537094.345357,628000.000000000,316984.000000000
1694537094.413832,629000.000000000,307401.000000000
1694537094.480883,630000.000000000,324067.000000000
1694537094.548625,631000.000000000,317766.000000000
1694537094.616852,632000.000000000,309953.000000000
1694537094.684976,633000.000000000,323807.000000000
1694537094.753302,634000.000000000,320838.000000000
1694537094.821662,635000.000000000,328547.000000000
1694537094.890139,636000.000000000,312609.000000000
1694537094.958699,637000.000000000,319796.000000000
1694537095.029972,638000.000000000,319015.000000000
1694537095.097088,639000.000000000,310213.000000000
1694537095.165791,640000.000000000,330682.000000000
1694537095.234747,641000.000000000,308286.000000000
1694537095.303776,642000.000000000,312921.000000000
1694537095.373028,643000.000000000,323651.000000000
1694537095.442194,644000.000000000,322140.000000000
1694537095.511361,645000.000000000,308338.000000000
1694537095.580880,646000.000000000,322245.000000000
1694537095.650370,647000.000000000,325265.000000000
1694537095.720031,648000.000000000,325473.000000000
1694537095.789845,649000.000000000,330994.000000000
1694537095.859749,650000.000000000,316307.000000000
1694537095.929543,651000.000000000,315942.000000000
1694537096.000014,652000.000000000,325994.000000000
1694537096.070113,653000.000000000,330473.000000000
1694537096.140335,654000.000000000,354016.000000000
1694537096.211466,655000.000000000,324692.000000000
1694537096.281290,656000.000000000,326619.000000000
1694537096.351985,657000.000000000,324536.000000000
1694537096.422606,658000.000000000,332088.000000000
1694537096.493483,659000.000000000,331932.000000000
1694537096.565260,660000.000000000,385110.000000000
1694537096.635872,661000.000000000,325370.000000000
1694537096.706931,662000.000000000,332609.000000000
1694537096.778154,663000.000000000,330682.000000000
1694537096.849521,664000.000000000,339119.000000000
1694537096.920988,665000.000000000,320265.000000000
1694537096.992479,666000.000000000,323963.000000000
1694537097.064071,667000.000000000,331411.000000000
1694537097.135906,668000.000000000,329796.000000000
1694537097.207939,669000.000000000,331828.000000000
1694537097.280030,670000.000000000,327661.000000000
1694537097.351988,671000.000000000,330421.000000000
1694537097.424546,672000.000000000,391360.000000000
1694537097.496750,673000.000000000,338338.000000000
1694537097.569098,674000.000000000,336724.000000000
1694537097.641687,675000.000000000,332921.000000000
1694537097.714225,676000.000000000,332609.000000000
1694537097.786969,677000.000000000,343495.000000000
1694537097.859727,678000.000000000,346307.000000000
1694537097.932747,679000.000000000,332817.000000000
1694537098.005700,680000.000000000,341984.000000000
1694537098.078743,681000.000000000,331880.000000000
1694537098.152080,682000.000000000,340890.000000000
1694537098.225351,683000.000000000,333130.000000000
1694537098.299066,684000.000000000,331880.000000000
1694537098.373140,685000.000000000,422611.000000000
1694537098.446854,686000.000000000,332922.000000000
1694537098.520578,687000.000000000,331775.000000000
1694537098.594501,688000.000000000,344589.000000000
1694537098.668830,689000.000000000,332557.000000000
1694537098.743159,690000.000000000,340318.000000000
1694537098.817304,691000.000000000,356828.000000000
1694537098.891563,692000.000000000,347193.000000000
1694537098.965803,693000.000000000,345109.000000000
1694537099.040683,694000.000000000,385110.000000000
1694537099.115147,695000.000000000,348963.000000000
1694537099.189905,696000.000000000,332869.000000000
1694537099.265599,697000.000000000,330526.000000000
1694537099.339748,698000.000000000,339537.000000000
1694537099.414777,699000.000000000,332089.000000000
1694537099.489938,700000.000000000,329901.000000000
1694537099.565163,701000.000000000,345162.000000000
1694537099.640822,702000.000000000,346724.000000000
1694537099.716353,703000.000000000,364328.000000000
1694537099.792164,704000.000000000,342766.000000000
1694537099.867840,705000.000000000,383130.000000000
1694537099.943598,706000.000000000,347661.000000000
1694537100.019827,707000.000000000,345474.000000000
1694537100.095580,708000.000000000,332088.000000000
1694537100.172002,709000.000000000,371308.000000000
1694537100.248138,710000.000000000,360891.000000000
1694537100.325349,711000.000000000,331411.000000000
1694537100.401818,712000.000000000,347401.000000000
1694537100.477535,713000.000000000,353183.000000000
1694537100.554350,714000.000000000,343443.000000000
1694537100.631175,715000.000000000,343651.000000000
1694537100.708128,716000.000000000,328754.000000000
1694537100.785142,717000.000000000,358079.000000000
1694537100.861941,718000.000000000,349015.000000000
1694537100.938970,719000.000000000,359328.000000000
1694537101.016415,720000.000000000,382453.000000000
1694537101.093840,721000.000000000,342193.000000000
1694537101.171391,722000.000000000,348078.000000000
1694537101.248979,723000.000000000,350421.000000000
1694537101.326700,724000.000000000,340526.000000000
1694537101.404531,725000.000000000,357713.000000000
1694537101.482464,726000.000000000,362558.000000000
1694537101.560532,727000.000000000,367037.000000000
1694537101.638658,728000.000000000,351151.000000000
1694537101.716844,729000.000000000,343286.000000000
1694537101.795378,730000.000000000,353860.000000000
1694537101.873594,731000.000000000,356099.000000000
1694537101.952198,732000.000000000,370995.000000000
1694537102.030742,733000.000000000,358130.000000000
1694537102.109249,734000.000000000,346880.000000000
1694537102.188169,735000.000000000,380058.000000000
1694537102.266289,736000.000000000,355474.000000000
1694537102.345266,737000.000000000,347141.000000000
1694537102.424337,738000.000000000,388652.000000000
1694537102.503057,739000.000000000,354797.000000000
1694537102.582438,740000.000000000,340942.000000000
1694537102.662318,741000.000000000,358078.000000000
1694537102.740949,742000.000000000,361672.000000000
1694537102.820324,743000.000000000,387402.000000000
1694537102.899576,744000.000000000,361256.000000000
1694537102.979537,745000.000000000,387453.000000000
1694537103.059659,746000.000000000,363443.000000000
1694537103.139736,747000.000000000,362714.000000000
1694537103.219634,748000.000000000,350214.000000000
1694537103.300044,749000.000000000,360422.000000000
1694537103.380648,750000.000000000,401777.000000000
1694537103.461406,751000.000000000,361933.000000000
1694537103.542145,752000.000000000,364381.000000000
1694537103.622839,753000.000000000,363235.000000000
1694537103.704779,754000.000000000,361463.000000000
1694537103.784858,755000.000000000,377037.000000000
1694537103.865892,756000.000000000,366724.000000000
1694537103.947177,757000.000000000,371308.000000000
1694537104.028593,758000.000000000,395006.000000000
1694537104.109951,759000.000000000,356360.000000000
1694537104.191832,760000.000000000,372975.000000000
1694537104.273254,761000.000000000,376100.000000000
1694537104.354956,762000.000000000,368808.000000000
1694537104.436986,763000.000000000,357193.000000000
1694537104.519190,764000.000000000,368756.000000000
1694537104.601024,765000.000000000,350578.000000000
1694537104.684477,766000.000000000,373652.000000000
1694537104.766139,767000.000000000,378287.000000000
1694537104.848580,768000.000000000,355683.000000000
1694537104.931376,769000.000000000,364432.000000000
1694537105.014021,770000.000000000,384068.000000000
1694537105.096860,771000.000000000,388183.000000000
1694537105.179391,772000.000000000,374172.000000000
1694537105.262139,773000.000000000,358287.000000000
1694537105.345491,774000.000000000,376829.000000000
1694537105.428508,775000.000000000,391464.000000000
1694537105.511936,776000.000000000,373496.000000000
1694537105.594945,777000.000000000,369589.000000000
1694537105.678128,778000.000000000,358860.000000000
1694537105.761756,779000.000000000,360110.000000000
1694537105.845225,780000.000000000,357297.000000000
1694537105.929375,781000.000000000,377714.000000000
1694537106.013080,782000.000000000,384745.000000000
1694537106.096969,783000.000000000,366255.000000000
1694537106.181020,784000.000000000,378443.000000000
1694537106.265168,785000.000000000,360057.000000000
1694537106.349437,786000.000000000,377558.000000000
1694537106.434669,787000.000000000,1137205.000000000
1694537106.519338,788000.000000000,374433.000000000
1694537106.603986,789000.000000000,367349.000000000
1694537106.688884,790000.000000000,384329.000000000
1694537106.774055,791000.000000000,383026.000000000
1694537106.858907,792000.000000000,384172.000000000
1694537106.943984,793000.000000000,384693.000000000
1694537107.029058,794000.000000000,401986.000000000
1694537107.114259,795000.000000000,373547.000000000
1694537107.199778,796000.000000000,387454.000000000
1694537107.285014,797000.000000000,381985.000000000
1694537107.370931,798000.000000000,417298.000000000
1694537107.456760,799000.000000000,389017.000000000
1694537107.542516,800000.000000000,372245.000000000
1694537107.628538,801000.000000000,397975.000000000
1694537107.714436,802000.000000000,396881.000000000
1694537107.801774,803000.000000000,399641.000000000
1694537107.888106,804000.000000000,385579.000000000
1694537107.974387,805000.000000000,392818.000000000
1694537108.060709,806000.000000000,417558.000000000
1694537108.147047,807000.000000000,381152.000000000
1694537108.233673,808000.000000000,376048.000000000
1694537108.321814,809000.000000000,556623.000000000
1694537108.408078,810000.000000000,384849.000000000
1694537108.494930,811000.000000000,389850.000000000
1694537108.582214,812000.000000000,387662.000000000
1694537108.669289,813000.000000000,393496.000000000
1694537108.757036,814000.000000000,389329.000000000
1694537108.844286,815000.000000000,434278.000000000
1694537108.931845,816000.000000000,396152.000000000
1694537109.021394,817000.000000000,399173.000000000
1694537109.107049,818000.000000000,403704.000000000
1694537109.195871,819000.000000000,384849.000000000
1694537109.282835,820000.000000000,394590.000000000
1694537109.370999,821000.000000000,402558.000000000
1694537109.459160,822000.000000000,403600.000000000
1694537109.547510,823000.000000000,394954.000000000
1694537109.636028,824000.000000000,399121.000000000
1694537109.724937,825000.000000000,467298.000000000
1694537109.813073,826000.000000000,381048.000000000
1694537109.902212,827000.000000000,409434.000000000
1694537109.990603,828000.000000000,398548.000000000
1694537110.079671,829000.000000000,404381.000000000
1694537110.168051,830000.000000000,403496.000000000
1694537110.257088,831000.000000000,415006.000000000
1694537110.345890,832000.000000000,392454.000000000
1694537110.435314,833000.000000000,390995.000000000
1694537110.524740,834000.000000000,405475.000000000
1694537110.615151,835000.000000000,406100.000000000
1694537110.703787,836000.000000000,386933.000000000
1694537110.793868,837000.000000000,390006.000000000
1694537110.883718,838000.000000000,404641.000000000
1694537110.973667,839000.000000000,406673.000000000
1694537111.064020,840000.000000000,395839.000000000
1694537111.153894,841000.000000000,423600.000000000
1694537111.244645,842000.000000000,399746.000000000
1694537111.334649,843000.000000000,422246.000000000
1694537111.425075,844000.000000000,396672.000000000
1694537111.515669,845000.000000000,404589.000000000
1694537111.606235,846000.000000000,410995.000000000
1694537111.697025,847000.000000000,394745.000000000
1694537111.789797,848000.000000000,430475.000000000
1694537111.880198,849000.000000000,383027.000000000
1694537111.971256,850000.000000000,414902.000000000
1694537112.064412,851000.000000000,404121.000000000
1694537112.154025,852000.000000000,422402.000000000
1694537112.245515,853000.000000000,415892.000000000
1694537112.336459,854000.000000000,389850.000000000
1694537112.427055,855000.000000000,394381.000000000
1694537112.518879,856000.000000000,413235.000000000
1694537112.609737,857000.000000000,419486.000000000
1694537112.701729,858000.000000000,388860.000000000
1694537112.794130,859000.000000000,424589.000000000
1694537112.885509,860000.000000000,428704.000000000
1694537112.977965,861000.000000000,412558.000000000
1694537113.070174,862000.000000000,423861.000000000
1694537113.162375,863000.000000000,399120.000000000
1694537113.255914,864000.000000000,432819.000000000
1694537113.347971,865000.000000000,412871.000000000
1694537113.440792,866000.000000000,396517.000000000
1694537113.533725,867000.000000000,389798.000000000
1694537113.626857,868000.000000000,415371.000000000
1694537113.719976,869000.000000000,401517.000000000
1694537113.813092,870000.000000000,411933.000000000
1694537113.906393,871000.000000000,418757.000000000
1694537113.999913,872000.000000000,440423.000000000
1694537114.093340,873000.000000000,421309.000000000
1694537114.187316,874000.000000000,441205.000000000
1694537114.281160,875000.000000000,422507.000000000
1694537114.374642,876000.000000000,424538.000000000
1694537114.469326,877000.000000000,443444.000000000
1694537114.562300,878000.000000000,395788.000000000
1694537114.656202,879000.000000000,414641.000000000
1694537114.750711,880000.000000000,488497.000000000
1694537114.844619,881000.000000000,453028.000000000
1694537114.938496,882000.000000000,410996.000000000
1694537115.033005,883000.000000000,413495.000000000
1694537115.127290,884000.000000000,446048.000000000
1694537115.222013,885000.000000000,391256.000000000
1694537115.316380,886000.000000000,449902.000000000
1694537115.411581,887000.000000000,423965.000000000
1694537115.506518,888000.000000000,430371.000000000
1694537115.601879,889000.000000000,409850.000000000
1694537115.697406,890000.000000000,421465.000000000
1694537115.792788,891000.000000000,404173.000000000
1694537115.888364,892000.000000000,450580.000000000
1694537115.984039,893000.000000000,401933.000000000
1694537116.080250,894000.000000000,433235.000000000
1694537116.175925,895000.000000000,423653.000000000
1694537116.272099,896000.000000000,432402.000000000
1694537116.370687,897000.000000000,427558.000000000
1694537116.465328,898000.000000000,440892.000000000
1694537116.561699,899000.000000000,422402.000000000
1694537116.658135,900000.000000000,428913.000000000
1694537116.755217,901000.000000000,438913.000000000
1694537116.854636,902000.000000000,418913.000000000
1694537116.949635,903000.000000000,409069.000000000
1694537117.046463,904000.000000000,410891.000000000
1694537117.143607,905000.000000000,429902.000000000
1694537117.240645,906000.000000000,455736.000000000
1694537117.337843,907000.000000000,438080.000000000
1694537117.435459,908000.000000000,402870.000000000
1694537117.532713,909000.000000000,470163.000000000
1694537117.630481,910000.000000000,424069.000000000
1694537117.728077,911000.000000000,425787.000000000
1694537117.825506,912000.000000000,441360.000000000
1694537117.923463,913000.000000000,444017.000000000
1694537118.021187,914000.000000000,449694.000000000
1694537118.119327,915000.000000000,429902.000000000
1694537118.217366,916000.000000000,410527.000000000
1694537118.315767,917000.000000000,440059.000000000
1694537118.414195,918000.000000000,431986.000000000
1694537118.512681,919000.000000000,438861.000000000
1694537118.611176,920000.000000000,433704.000000000
1694537118.709335,921000.000000000,466257.000000000
1694537118.808319,922000.000000000,444017.000000000
1694537118.907004,923000.000000000,425631.000000000
1694537119.006045,924000.000000000,446934.000000000
1694537119.105116,925000.000000000,441569.000000000
1694537119.204323,926000.000000000,458861.000000000
1694537119.303760,927000.000000000,411516.000000000
1694537119.402868,928000.000000000,453549.000000000
1694537119.502777,929000.000000000,414538.000000000
1694537119.602243,930000.000000000,418444.000000000
1694537119.701870,931000.000000000,420163.000000000
1694537119.802008,932000.000000000,442924.000000000
1694537119.901826,933000.000000000,439798.000000000
1694537120.001967,934000.000000000,452246.000000000
1694537120.102110,935000.000000000,424902.000000000
1694537120.202379,936000.000000000,459903.000000000
1694537120.302391,937000.000000000,443705.000000000
1694537120.402860,938000.000000000,460893.000000000
1694537120.504562,939000.000000000,433288.000000000
1694537120.604153,940000.000000000,443808.000000000
1694537120.704838,941000.000000000,426882.000000000
1694537120.806128,942000.000000000,462872.000000000
1694537120.907017,943000.000000000,434590.000000000
1694537121.008378,944000.000000000,441048.000000000
1694537121.109381,945000.000000000,437350.000000000
1694537121.211256,946000.000000000,446413.000000000
1694537121.312464,947000.000000000,438965.000000000
1694537121.413722,948000.000000000,443548.000000000
1694537121.516588,949000.000000000,438079.000000000
1694537121.616888,950000.000000000,475841.000000000
1694537121.718722,951000.000000000,445007.000000000
1694537121.820689,952000.000000000,468549.000000000
1694537121.922775,953000.000000000,436986.000000000
1694537122.025052,954000.000000000,443288.000000000
1694537122.127388,955000.000000000,435527.000000000
1694537122.229586,956000.000000000,407766.000000000
1694537122.331879,957000.000000000,436830.000000000
1694537122.434401,958000.000000000,440215.000000000
1694537122.536909,959000.000000000,435163.000000000
1694537122.641431,960000.000000000,420058.000000000
1694537122.742737,961000.000000000,425788.000000000
1694537122.845999,962000.000000000,447767.000000000
1694537122.949195,963000.000000000,448235.000000000
1694537123.052289,964000.000000000,423809.000000000
1694537123.155615,965000.000000000,456778.000000000
1694537123.258740,966000.000000000,429538.000000000
1694537123.362154,967000.000000000,445840.000000000
1694537123.465849,968000.000000000,432663.000000000
1694537123.569562,969000.000000000,457403.000000000
1694537123.673469,970000.000000000,448392.000000000
1694537123.777374,971000.000000000,458913.000000000
1694537123.881497,972000.000000000,425735.000000000
1694537123.985667,973000.000000000,464434.000000000
1694537124.089984,974000.000000000,456829.000000000
1694537124.193701,975000.000000000,437090.000000000
1694537124.298185,976000.000000000,441101.000000000
1694537124.402971,977000.000000000,466049.000000000
1694537124.507553,978000.000000000,440320.000000000
1694537124.612504,979000.000000000,471934.000000000
1694537124.717301,980000.000000000,425840.000000000
1694537124.822594,981000.000000000,466465.000000000
1694537124.928233,982000.000000000,440944.000000000
1694537125.033255,983000.000000000,459955.000000000
1694537125.138770,984000.000000000,442715.000000000
1694537125.244284,985000.000000000,441256.000000000
1694537125.352822,986000.000000000,452923.000000000
1694537125.455494,987000.000000000,475788.000000000
1694537125.561243,988000.000000000,455423.000000000
1694537125.667488,989000.000000000,462976.000000000
1694537125.773128,990000.000000000,434329.000000000
1694537125.879366,991000.000000000,471934.000000000
1694537125.985535,992000.000000000,448236.000000000
1694537126.091989,993000.000000000,438444.000000000
1694537126.198365,994000.000000000,451413.000000000
1694537126.304795,995000.000000000,465840.000000000
1694537126.411676,996000.000000000,470788.000000000
1694537126.518087,997000.000000000,442975.000000000
1694537126.625008,998000.000000000,455788.000000000
1694537126.731772,999000.000000000,458966.000000000
1694537126.838511,1000000.000000000,448392.000000000
1694537126.946174,1001000.000000000,449695.000000000
1694537127.053196,1002000.000000000,459017.000000000
1694537127.160965,1003000.000000000,493341.000000000
1694537127.267388,1004000.000000000,452455.000000000
1694537127.374789,1005000.000000000,448861.000000000
1694537127.482756,1006000.000000000,473236.000000000
1694537127.590490,1007000.000000000,480945.000000000
1694537127.698462,1008000.000000000,471934.000000000
1694537127.806497,1009000.000000000,464538.000000000
1694537127.915736,1010000.000000000,466362.000000000
1694537128.022878,1011000.000000000,478705.000000000
1694537128.131039,1012000.000000000,461934.000000000
1694537128.239950,1013000.000000000,436830.000000000
1694537128.349294,1014000.000000000,459278.000000000
1694537128.457283,1015000.000000000,454486.000000000
1694537128.565615,1016000.000000000,462924.000000000
1694537128.674733,1017000.000000000,462247.000000000
1694537128.783767,1018000.000000000,421465.000000000
1694537128.892958,1019000.000000000,500841.000000000
1694537129.002260,1020000.000000000,458392.000000000
1694537129.111603,1021000.000000000,432350.000000000
1694537129.220891,1022000.000000000,501153.000000000
1694537129.330479,1023000.000000000,454329.000000000
1694537129.439954,1024000.000000000,458914.000000000
1694537129.549559,1025000.000000000,444330.000000000
1694537129.659735,1026000.000000000,467924.000000000
1694537129.769514,1027000.000000000,469694.000000000
1694537129.879720,1028000.000000000,462351.000000000
1694537129.989798,1029000.000000000,464590.000000000
1694537130.100288,1030000.000000000,483496.000000000
1694537130.210083,1031000.000000000,454434.000000000
1694537130.320549,1032000.000000000,468601.000000000
1694537130.431414,1033000.000000000,469539.000000000
1694537130.541894,1034000.000000000,455684.000000000
1694537130.652654,1035000.000000000,490424.000000000
1694537130.763632,1036000.000000000,445059.000000000
1694537130.874413,1037000.000000000,446830.000000000
1694537130.985974,1038000.000000000,479538.000000000
1694537131.097188,1039000.000000000,449798.000000000
1694537131.208571,1040000.000000000,473028.000000000
1694537131.320005,1041000.000000000,463028.000000000
1694537131.431582,1042000.000000000,485477.000000000
1694537131.543361,1043000.000000000,458705.000000000
1694537131.654450,1044000.000000000,495164.000000000
1694537131.766259,1045000.000000000,477351.000000000
1694537131.878909,1046000.000000000,492403.000000000
1694537131.990252,1047000.000000000,490424.000000000
1694537132.102285,1048000.000000000,449069.000000000
1694537132.216119,1049000.000000000,613759.000000000
1694537132.329907,1050000.000000000,767668.000000000
1694537132.442934,1051000.000000000,455632.000000000
1694537132.556003,1052000.000000000,448445.000000000
1694537132.668875,1053000.000000000,489226.000000000
1694537132.782327,1054000.000000000,455215.000000000
1694537132.895387,1055000.000000000,444642.000000000
1694537133.009080,1056000.000000000,449642.000000000
1694537133.122709,1057000.000000000,441257.000000000
1694537133.235951,1058000.000000000,447663.000000000
1694537133.349492,1059000.000000000,465737.000000000
1694537133.463966,1060000.000000000,443860.000000000
1694537133.577690,1061000.000000000,447767.000000000
1694537133.691513,1062000.000000000,445684.000000000
1694537133.805633,1063000.000000000,454747.000000000
1694537133.919791,1064000.000000000,440840.000000000
1694537134.033867,1065000.000000000,452298.000000000
1694537134.148263,1066000.000000000,442038.000000000
1694537134.262787,1067000.000000000,442663.000000000
1694537134.377410,1068000.000000000,443600.000000000
1694537134.492398,1069000.000000000,449382.000000000
1694537134.607224,1070000.000000000,448340.000000000
1694537134.728080,1071000.000000000,530529.000000000
1694537134.837485,1072000.000000000,444538.000000000
1694537134.952934,1073000.000000000,487611.000000000
1694537135.068293,1074000.000000000,457143.000000000
1694537135.184165,1075000.000000000,444329.000000000
1694537135.299054,1076000.000000000,459017.000000000
1694537135.414581,1077000.000000000,452454.000000000
1694537135.530332,1078000.000000000,454382.000000000
1694537135.645918,1079000.000000000,447299.000000000
1694537135.761401,1080000.000000000,448861.000000000
1694537135.877201,1081000.000000000,451153.000000000
1694537135.993482,1082000.000000000,456049.000000000
1694537136.109666,1083000.000000000,458236.000000000
1694537136.226119,1084000.000000000,449174.000000000
1694537136.342417,1085000.000000000,451517.000000000
1694537136.459000,1086000.000000000,458497.000000000
1694537136.575786,1087000.000000000,456257.000000000
1694537136.692566,1088000.000000000,476153.000000000
1694537136.809332,1089000.000000000,464799.000000000
1694537136.926342,1090000.000000000,474173.000000000
1694537137.044232,1091000.000000000,504174.000000000
1694537137.161061,1092000.000000000,462507.000000000
1694537137.278387,1093000.000000000,461205.000000000
1694537137.396125,1094000.000000000,472611.000000000
1694537137.513538,1095000.000000000,457871.000000000
1694537137.631113,1096000.000000000,458392.000000000
1694537137.748892,1097000.000000000,483810.000000000
1694537137.866622,1098000.000000000,510112.000000000
1694537137.984600,1099000.000000000,489226.000000000
1694537138.103860,1100000.000000000,461465.000000000
1694537138.220879,1101000.000000000,484174.000000000
1694537138.339438,1102000.000000000,525216.000000000
1694537138.459273,1103000.000000000,467612.000000000
1694537138.576515,1104000.000000000,489174.000000000
1694537138.695289,1105000.000000000,461153.000000000
1694537138.813845,1106000.000000000,465320.000000000
1694537138.932682,1107000.000000000,457767.000000000
1694537139.051496,1108000.000000000,470632.000000000
1694537139.170769,1109000.000000000,456882.000000000
1694537139.289575,1110000.000000000,460892.000000000
1694537139.409026,1111000.000000000,525894.000000000
1694537139.530005,1112000.000000000,453444.000000000
1694537139.647523,1113000.000000000,468028.000000000
1694537139.767188,1114000.000000000,477715.000000000
1694537139.886680,1115000.000000000,478913.000000000
1694537140.006495,1116000.000000000,467664.000000000
1694537140.126434,1117000.000000000,466205.000000000
1694537140.246348,1118000.000000000,465476.000000000
1694537140.366373,1119000.000000000,474278.000000000
1694537140.486787,1120000.000000000,472038.000000000
1694537140.606855,1121000.000000000,473184.000000000
1694537140.727572,1122000.000000000,477924.000000000
1694537140.847910,1123000.000000000,471726.000000000
1694537140.969177,1124000.000000000,561988.000000000
1694537141.089985,1125000.000000000,471622.000000000
1694537141.210802,1126000.000000000,458444.000000000
1694537141.331675,1127000.000000000,468236.000000000
1694537141.452930,1128000.000000000,530216.000000000
1694537141.576872,1129000.000000000,568654.000000000
1694537141.699192,1130000.000000000,518966.000000000
1694537141.821287,1131000.000000000,544435.000000000
1694537141.942209,1132000.000000000,485372.000000000
1694537142.063975,1133000.000000000,478392.000000000
1694537142.185796,1134000.000000000,494434.000000000
1694537142.307788,1135000.000000000,528133.000000000
1694537142.429892,1136000.000000000,558446.000000000
1694537142.552185,1137000.000000000,473861.000000000
1694537142.674817,1138000.000000000,503653.000000000
1694537142.797157,1139000.000000000,522872.000000000
1694537142.919345,1140000.000000000,533394.000000000
1694537143.042404,1141000.000000000,534747.000000000
1694537143.164918,1142000.000000000,532769.000000000
1694537143.288491,1143000.000000000,528914.000000000
1694537143.411289,1144000.000000000,524070.000000000
1694537143.534103,1145000.000000000,472976.000000000
1694537143.657294,1146000.000000000,2011176.000000000
1694537143.781770,1147000.000000000,507300.000000000
1694537143.905771,1148000.000000000,531623.000000000
1694537144.028813,1149000.000000000,539696.000000000
1694537144.152550,1150000.000000000,467612.000000000
1694537144.277304,1151000.000000000,475996.000000000
1694537144.399882,1152000.000000000,477716.000000000
1694537144.523231,1153000.000000000,501153.000000000
1694537144.647207,1154000.000000000,471465.000000000
1694537144.771455,1155000.000000000,482247.000000000
1694537144.895198,1156000.000000000,479851.000000000
1694537145.019767,1157000.000000000,479851.000000000
1694537145.143885,1158000.000000000,484591.000000000
1694537145.267345,1159000.000000000,482611.000000000
1694537145.391543,1160000.000000000,478133.000000000
1694537145.519422,1161000.000000000,510216.000000000
1694537145.640814,1162000.000000000,492143.000000000
1694537145.765373,1163000.000000000,489695.000000000
1694537145.890820,1164000.000000000,497403.000000000
1694537146.014992,1165000.000000000,495320.000000000
1694537146.141079,1166000.000000000,538498.000000000
1694537146.265082,1167000.000000000,531622.000000000
1694537146.390371,1168000.000000000,500945.000000000
1694537146.516294,1169000.000000000,489330.000000000
1694537146.642414,1170000.000000000,490841.000000000
1694537146.768254,1171000.000000000,538914.000000000
1694537146.892862,1172000.000000000,519748.000000000
1694537147.018915,1173000.000000000,495529.000000000
1694537147.144583,1174000.000000000,482611.000000000
1694537147.270742,1175000.000000000,496986.000000000
1694537147.397183,1176000.000000000,570946.000000000
1694537147.524201,1177000.000000000,503341.000000000
1694537147.649695,1178000.000000000,500216.000000000
1694537147.777163,1179000.000000000,502195.000000000
1694537147.902496,1180000.000000000,511623.000000000
1694537148.029370,1181000.000000000,500216.000000000
1694537148.156753,1182000.000000000,503497.000000000
1694537148.284248,1183000.000000000,515633.000000000
1694537148.410474,1184000.000000000,522769.000000000
1694537148.538821,1185000.000000000,494330.000000000
1694537148.664706,1186000.000000000,523237.000000000
1694537148.792346,1187000.000000000,497716.000000000
1694537148.919597,1188000.000000000,528445.000000000
1694537149.052413,1189000.000000000,566831.000000000
1694537149.175835,1190000.000000000,539279.000000000
1694537149.304754,1191000.000000000,727928.000000000
1694537149.434244,1192000.000000000,498757.000000000
1694537149.561245,1193000.000000000,495840.000000000
1694537149.688281,1194000.000000000,483965.000000000
1694537149.818221,1195000.000000000,522924.000000000
1694537149.945430,1196000.000000000,494591.000000000
1694537150.079962,1197000.000000000,578811.000000000
1694537150.203300,1198000.000000000,506883.000000000
1694537150.332843,1199000.000000000,512456.000000000
1694537150.462686,1200000.000000000,498185.000000000
1694537150.589816,1201000.000000000,536935.000000000
1694537150.717917,1202000.000000000,491465.000000000
1694537150.846891,1203000.000000000,519279.000000000
1694537150.975896,1204000.000000000,491727.000000000
1694537151.105504,1205000.000000000,510268.000000000
1694537151.235313,1206000.000000000,554279.000000000
1694537151.364389,1207000.000000000,503549.000000000
1694537151.501211,1208000.000000000,617301.000000000
1694537151.625530,1209000.000000000,516935.000000000
1694537151.755591,1210000.000000000,556050.000000000
1694537151.885463,1211000.000000000,524019.000000000
1694537152.016746,1212000.000000000,500216.000000000
1694537152.145226,1213000.000000000,558446.000000000
1694537152.274979,1214000.000000000,527560.000000000
1694537152.413058,1215000.000000000,591519.000000000
1694537152.573341,1216000.000000000,632457.000000000
1694537152.704108,1217000.000000000,530998.000000000
1694537152.834898,1218000.000000000,547665.000000000
1694537152.966091,1219000.000000000,586310.000000000
1694537153.097203,1220000.000000000,523550.000000000
1694537153.231378,1221000.000000000,570842.000000000
1694537153.362481,1222000.000000000,1212831.000000000
1694537153.501812,1223000.000000000,512456.000000000
1694537153.636542,1224000.000000000,576311.000000000
1694537153.767885,1225000.000000000,510372.000000000
1694537153.899377,1226000.000000000,498705.000000000
1694537154.030963,1227000.000000000,525581.000000000
1694537154.162809,1228000.000000000,506935.000000000
1694537154.294564,1229000.000000000,501257.000000000
1694537154.426815,1230000.000000000,534175.000000000
1694537154.560092,1231000.000000000,511622.000000000
1694537154.690501,1232000.000000000,549279.000000000
1694537154.822382,1233000.000000000,516623.000000000
1694537154.954795,1234000.000000000,498966.000000000
1694537155.087253,1235000.000000000,522716.000000000
1694537155.220102,1236000.000000000,529071.000000000
1694537155.352212,1237000.000000000,515372.000000000
1694537155.485141,1238000.000000000,574384.000000000
1694537155.619706,1239000.000000000,506518.000000000
1694537155.751769,1240000.000000000,506571.000000000
1694537155.885927,1241000.000000000,553342.000000000
1694537156.018051,1242000.000000000,525372.000000000
1694537156.151482,1243000.000000000,623811.000000000
1694537156.285883,1244000.000000000,581883.000000000
1694537156.419495,1245000.000000000,527351.000000000
1694537156.552955,1246000.000000000,521362.000000000
1694537156.686745,1247000.000000000,524227.000000000
1694537156.820420,1248000.000000000,512247.000000000
1694537156.954029,1249000.000000000,510320.000000000
1694537157.088342,1250000.000000000,507351.000000000
1694537157.221645,1251000.000000000,534435.000000000
1694537157.356323,1252000.000000000,604905.000000000
1694537157.490463,1253000.000000000,534331.000000000
1694537157.624943,1254000.000000000,551414.000000000
1694537157.759922,1255000.000000000,591728.000000000
1694537157.894424,1256000.000000000,533289.000000000
1694537158.030725,1257000.000000000,526883.000000000
1694537158.165512,1258000.000000000,527143.000000000
1694537158.300359,1259000.000000000,528966.000000000
1694537158.434463,1260000.000000000,575112.000000000
1694537158.571186,1261000.000000000,518029.000000000
1694537158.704912,1262000.000000000,557040.000000000
1694537158.841120,1263000.000000000,530998.000000000
1694537158.976675,1264000.000000000,527508.000000000
1694537159.111022,1265000.000000000,536206.000000000
1694537159.246753,1266000.000000000,539019.000000000
1694537159.382763,1267000.000000000,568602.000000000
1694537159.518878,1268000.000000000,540633.000000000
1694537159.654822,1269000.000000000,525320.000000000
1694537159.789597,1270000.000000000,532664.000000000
1694537159.928279,1271000.000000000,539540.000000000
1694537160.062085,1272000.000000000,536779.000000000
1694537160.200576,1273000.000000000,523810.000000000
1694537160.335332,1274000.000000000,538081.000000000
1694537160.472000,1275000.000000000,529227.000000000
1694537160.608641,1276000.000000000,541206.000000000
1694537160.745467,1277000.000000000,543446.000000000
1694537160.882584,1278000.000000000,543029.000000000
1694537161.023248,1279000.000000000,534071.000000000
1694537161.157836,1280000.000000000,560009.000000000
1694537161.295410,1281000.000000000,535737.000000000
1694537161.432484,1282000.000000000,539227.000000000
1694537161.569979,1283000.000000000,575842.000000000
1694537161.708014,1284000.000000000,545477.000000000
1694537161.845527,1285000.000000000,534175.000000000
1694537161.983616,1286000.000000000,529591.000000000
1694537162.121284,1287000.000000000,535008.000000000
1694537162.259385,1288000.000000000,543394.000000000
1694537162.397704,1289000.000000000,562457.000000000
1694537162.536098,1290000.000000000,548862.000000000
1694537162.674647,1291000.000000000,539383.000000000
1694537162.813967,1292000.000000000,543654.000000000
1694537162.951374,1293000.000000000,528185.000000000
1694537163.090142,1294000.000000000,549540.000000000
1694537163.229095,1295000.000000000,628551.000000000
1694537163.368629,1296000.000000000,565061.000000000
1694537163.507850,1297000.000000000,549384.000000000
1694537163.646333,1298000.000000000,544384.000000000
1694537163.786000,1299000.000000000,541831.000000000
1694537163.925881,1300000.000000000,579540.000000000
1694537164.064677,1301000.000000000,531779.000000000
1694537164.204345,1302000.000000000,553706.000000000
1694537164.343786,1303000.000000000,552560.000000000
1694537164.484811,1304000.000000000,642562.000000000
1694537164.623611,1305000.000000000,553029.000000000
1694537164.763309,1306000.000000000,554904.000000000
1694537164.904288,1307000.000000000,710844.000000000
1694537165.045938,1308000.000000000,1915185.000000000
1694537165.186365,1309000.000000000,547717.000000000
1694537165.327254,1310000.000000000,543133.000000000
1694537165.467339,1311000.000000000,562092.000000000
1694537165.607869,1312000.000000000,552925.000000000
1694537165.749073,1313000.000000000,579436.000000000
1694537165.889458,1314000.000000000,545060.000000000
1694537166.036121,1315000.000000000,569852.000000000
1694537166.173041,1316000.000000000,547925.000000000
1694537166.315393,1317000.000000000,551727.000000000
1694537166.455594,1318000.000000000,556310.000000000
1694537166.597118,1319000.000000000,558862.000000000
1694537166.739486,1320000.000000000,552352.000000000
1694537166.879897,1321000.000000000,551050.000000000
1694537167.021213,1322000.000000000,567561.000000000
1694537167.162484,1323000.000000000,562769.000000000
1694537167.304445,1324000.000000000,554019.000000000
1694537167.448496,1325000.000000000,551727.000000000
1694537167.589150,1326000.000000000,589279.000000000
1694537167.731436,1327000.000000000,570477.000000000
1694537167.873729,1328000.000000000,552248.000000000
1694537168.016333,1329000.000000000,565685.000000000
1694537168.158587,1330000.000000000,560998.000000000
1694537168.301730,1331000.000000000,559800.000000000
1694537168.444403,1332000.000000000,544904.000000000
1694537168.588006,1333000.000000000,579852.000000000
1694537168.730866,1334000.000000000,564175.000000000
1694537168.875404,1335000.000000000,559435.000000000
1694537169.018096,1336000.000000000,545685.000000000
1694537169.159804,1337000.000000000,541988.000000000
1694537169.304118,1338000.000000000,556310.000000000
1694537169.447477,1339000.000000000,561623.000000000
1694537169.593262,1340000.000000000,560112.000000000
1694537169.734162,1341000.000000000,607874.000000000
1694537169.878097,1342000.000000000,554279.000000000
1694537170.022011,1343000.000000000,574696.000000000
1694537170.166096,1344000.000000000,559644.000000000
1694537170.312064,1345000.000000000,567717.000000000
1694537170.454572,1346000.000000000,556362.000000000
1694537170.599028,1347000.000000000,632666.000000000
1694537170.744621,1348000.000000000,564383.000000000
1694537170.889165,1349000.000000000,555321.000000000
1694537171.032599,1350000.000000000,560165.000000000
1694537171.177534,1351000.000000000,592978.000000000
1694537171.322788,1352000.000000000,571988.000000000
1694537171.467638,1353000.000000000,569123.000000000
1694537171.612610,1354000.000000000,573498.000000000
1694537171.762120,1355000.000000000,566936.000000000
1694537171.903125,1356000.000000000,580738.000000000
1694537172.050451,1357000.000000000,549018.000000000
1694537172.195003,1358000.000000000,560373.000000000
1694537172.340147,1359000.000000000,650009.000000000
1694537172.485818,1360000.000000000,573133.000000000
1694537172.633999,1361000.000000000,571206.000000000
1694537172.776776,1362000.000000000,592508.000000000
1694537172.923186,1363000.000000000,568289.000000000
1694537173.069294,1364000.000000000,622978.000000000
1694537173.216227,1365000.000000000,610634.000000000
1694537173.362962,1366000.000000000,579331.000000000
1694537173.509668,1367000.000000000,561780.000000000
1694537173.655905,1368000.000000000,581207.000000000
1694537173.802888,1369000.000000000,562612.000000000
1694537173.949469,1370000.000000000,611103.000000000
1694537174.100371,1371000.000000000,582925.000000000
1694537174.245190,1372000.000000000,588238.000000000
1694537174.392184,1373000.000000000,569071.000000000
1694537174.537963,1374000.000000000,562509.000000000
1694537174.685810,1375000.000000000,620947.000000000
1694537174.833335,1376000.000000000,608499.000000000
1694537174.982297,1377000.000000000,558134.000000000
1694537175.128497,1378000.000000000,569436.000000000
1694537175.276549,1379000.000000000,567196.000000000
1694537175.424294,1380000.000000000,585685.000000000
1694537175.572387,1381000.000000000,609748.000000000
1694537175.719905,1382000.000000000,582405.000000000
1694537175.868178,1383000.000000000,562352.000000000
1694537176.016564,1384000.000000000,570946.000000000
1694537176.164936,1385000.000000000,606051.000000000
1694537176.313790,1386000.000000000,610634.000000000
1694537176.464141,1387000.000000000,572769.000000000
1694537176.611614,1388000.000000000,574644.000000000
1694537176.759468,1389000.000000000,591780.000000000
1694537176.909606,1390000.000000000,578238.000000000
1694537177.058138,1391000.000000000,2502121.000000000
1694537177.225678,1392000.000000000,2940200.000000000
1694537177.478916,1393000.000000000,2573580.000000000
1694537177.664586,1394000.000000000,2979576.000000000
1694537177.825217,1395000.000000000,599853.000000000
1694537177.974684,1396000.000000000,589124.000000000
1694537178.124320,1397000.000000000,592249.000000000
1694537178.274093,1398000.000000000,575374.000000000
1694537178.424155,1399000.000000000,594541.000000000
1694537178.574159,1400000.000000000,607978.000000000
1694537178.724730,1401000.000000000,588863.000000000
1694537178.874578,1402000.000000000,581831.000000000
1694537179.025358,1403000.000000000,595009.000000000
1694537179.177008,1404000.000000000,584488.000000000
1694537179.327300,1405000.000000000,597613.000000000
1694537179.477013,1406000.000000000,700844.000000000
1694537179.628371,1407000.000000000,579488.000000000
1694537179.778874,1408000.000000000,595009.000000000
1694537179.929688,1409000.000000000,603030.000000000
1694537180.091892,1410000.000000000,614853.000000000
1694537180.231642,1411000.000000000,597718.000000000
1694537180.382572,1412000.000000000,572300.000000000
1694537180.534306,1413000.000000000,591155.000000000
1694537180.685525,1414000.000000000,601311.000000000
1694537180.838451,1415000.000000000,606728.000000000
1694537180.987999,1416000.000000000,582404.000000000
1694537181.140268,1417000.000000000,593603.000000000
1694537181.292325,1418000.000000000,578030.000000000
1694537181.445517,1419000.000000000,585686.000000000
1694537181.596545,1420000.000000000,573759.000000000
1694537181.748348,1421000.000000000,612197.000000000
1694537181.900731,1422000.000000000,591832.000000000
1694537182.055945,1423000.000000000,589124.000000000
1694537182.206855,1424000.000000000,597561.000000000
1694537182.360202,1425000.000000000,2515038.000000000
1694537182.514694,1426000.000000000,582769.000000000
1694537182.668903,1427000.000000000,581728.000000000
1694537182.820396,1428000.000000000,581988.000000000
1694537182.973855,1429000.000000000,641624.000000000
1694537183.129051,1430000.000000000,595894.000000000
1694537183.280213,1431000.000000000,591364.000000000
1694537183.433937,1432000.000000000,632666.000000000
1694537183.587558,1433000.000000000,606260.000000000
1694537183.743769,1434000.000000000,593498.000000000
1694537183.894331,1435000.000000000,601832.000000000
1694537184.048419,1436000.000000000,596831.000000000
1694537184.202037,1437000.000000000,585061.000000000
1694537184.359174,1438000.000000000,613707.000000000
1694537184.510317,1439000.000000000,586571.000000000
1694537184.666768,1440000.000000000,581832.000000000
1694537184.820595,1441000.000000000,596155.000000000
1694537184.974757,1442000.000000000,629592.000000000
1694537185.128592,1443000.000000000,597926.000000000
1694537185.283059,1444000.000000000,587248.000000000
1694537185.438506,1445000.000000000,600061.000000000
1694537185.593132,1446000.000000000,632249.000000000
1694537185.748178,1447000.000000000,584800.000000000
1694537185.902968,1448000.000000000,577873.000000000
1694537186.060132,1449000.000000000,589540.000000000
1694537186.217566,1450000.000000000,627926.000000000
1694537186.370177,1451000.000000000,586467.000000000
1694537186.524515,1452000.000000000,592509.000000000
1694537186.680121,1453000.000000000,598968.000000000
1694537186.837045,1454000.000000000,607353.000000000
1694537186.992841,1455000.000000000,593759.000000000
1694537187.147467,1456000.000000000,588654.000000000
1694537187.304608,1457000.000000000,619176.000000000
1694537187.459656,1458000.000000000,639124.000000000
1694537187.617585,1459000.000000000,587717.000000000
1694537187.775048,1460000.000000000,594020.000000000
1694537187.932228,1461000.000000000,601884.000000000
1694537188.085799,1462000.000000000,638239.000000000
1694537188.243645,1463000.000000000,596832.000000000
1694537188.399190,1464000.000000000,634436.000000000
1694537188.556026,1465000.000000000,601832.000000000
1694537188.713521,1466000.000000000,629280.000000000
1694537188.870019,1467000.000000000,590217.000000000
1694537189.027900,1468000.000000000,613916.000000000
1694537189.191591,1469000.000000000,590478.000000000
1694537189.341348,1470000.000000000,635010.000000000
1694537189.499243,1471000.000000000,597717.000000000
1694537189.658206,1472000.000000000,595478.000000000
1694537189.814610,1473000.000000000,593498.000000000
1694537189.972675,1474000.000000000,615530.000000000
1694537190.130799,1475000.000000000,623343.000000000
1694537190.288905,1476000.000000000,596311.000000000
1694537190.447008,1477000.000000000,603238.000000000
1694537190.605424,1478000.000000000,624854.000000000
1694537190.764304,1479000.000000000,651729.000000000
1694537190.923925,1480000.000000000,600998.000000000
1694537191.080855,1481000.000000000,608082.000000000
1694537191.239802,1482000.000000000,605894.000000000
1694537191.399234,1483000.000000000,620009.000000000
1694537191.558926,1484000.000000000,623759.000000000
1694537191.717800,1485000.000000000,637197.000000000
1694537191.876155,1486000.000000000,614124.000000000
1694537192.035426,1487000.000000000,622093.000000000
1694537192.197704,1488000.000000000,656521.000000000
1694537192.355358,1489000.000000000,601207.000000000
1694537192.513573,1490000.000000000,660791.000000000
1694537192.673173,1491000.000000000,632405.000000000
1694537192.832792,1492000.000000000,612926.000000000
1694537192.992807,1493000.000000000,591780.000000000
1694537193.152729,1494000.000000000,607873.000000000
1694537193.313863,1495000.000000000,618030.000000000
1694537193.472507,1496000.000000000,605478.000000000
1694537193.632940,1497000.000000000,595738.000000000
1694537193.793019,1498000.000000000,615322.000000000
1694537193.953322,1499000.000000000,648082.000000000
1694537194.115771,1500000.000000000,603030.000000000
