__time,/count,/rtt
1694535234.475794,3000.000000000,852567.000000000
1694535234.486116,4000.000000000,727929.000000000
1694535234.497450,5000.000000000,890797.000000000
1694535234.512510,6000.000000000,3490863.000000000
1694535234.528919,7000.000000000,4137911.000000000
1694535234.544126,8000.000000000,3929312.000000000
1694535234.565734,9000.000000000,4382135.000000000
1694535234.575612,10000.000000000,3816445.000000000
1694535234.594387,11000.000000000,4722717.000000000
1694535234.610163,12000.000000000,1699412.000000000
1694535234.628035,13000.000000000,3866289.000000000
1694535234.649424,14000.000000000,3605814.000000000
1694535234.670445,15000.000000000,4048377.000000000
1694535234.690868,16000.000000000,2971944.000000000
1694535234.713474,17000.000000000,3546282.000000000
1694535234.735662,18000.000000000,4125515.000000000
1694535234.758263,19000.000000000,4274477.000000000
1694535234.780680,20000.000000000,2950798.000000000
1694535234.802818,21000.000000000,4509118.000000000
1694535234.827249,22000.000000000,4556932.000000000
1694535234.850344,23000.000000000,3577480.000000000
1694535234.874127,24000.000000000,3849726.000000000
1694535234.898277,25000.000000000,3893321.000000000
1694535234.921713,26000.000000000,3232732.000000000
1694535234.945512,27000.000000000,3201533.000000000
1694535234.965697,28000.000000000,4207964.000000000
1694535234.991102,29000.000000000,4386251.000000000
1694535235.012440,30000.000000000,3225440.000000000
1694535235.035819,31000.000000000,3540760.000000000
1694535235.057675,32000.000000000,3214502.000000000
1694535235.082032,33000.000000000,3819882.000000000
1694535235.103540,34000.000000000,2522974.000000000
1694535235.123212,35000.000000000,1539095.000000000
1694535235.147670,36000.000000000,3006893.000000000
1694535235.168687,37000.000000000,2865326.000000000
1694535235.191251,38000.000000000,1959210.000000000
1694535235.213349,39000.000000000,2581413.000000000
1694535235.232784,40000.000000000,2381877.000000000
1694535235.257620,41000.000000000,3537479.000000000
1694535235.279694,42000.000000000,3655243.000000000
1694535235.303846,43000.000000000,2420784.000000000
1694535235.325193,44000.000000000,3438049.000000000
1694535235.349362,45000.000000000,3025018.000000000
1694535235.373100,46000.000000000,3065696.000000000
1694535235.397133,47000.000000000,3169293.000000000
1694535235.420611,48000.000000000,3143094.000000000
1694535235.444142,49000.000000000,923923.000000000
1694535235.455560,50000.000000000,900901.000000000
1694535235.472736,51000.000000000,918089.000000000
1694535235.485601,52000.000000000,939236.000000000
1694535235.501983,53000.000000000,855432.000000000
1694535235.516087,54000.000000000,808921.000000000
1694535235.532045,55000.000000000,836160.000000000
1694535235.547738,56000.000000000,1374090.000000000
1694535235.568909,57000.000000000,3495291.000000000
1694535235.585798,58000.000000000,3119916.000000000
1694535235.602713,59000.000000000,716626.000000000
1694535235.621729,60000.000000000,3427945.000000000
1694535235.644489,61000.000000000,2969339.000000000
1694535235.663467,62000.000000000,1390393.000000000
1694535235.687237,63000.000000000,3683004.000000000
1694535235.715739,64000.000000000,3191949.000000000
1694535235.731234,65000.000000000,1925146.000000000
1694535235.753824,66000.000000000,1645556.000000000
1694535235.776428,67000.000000000,1097469.000000000
1694535235.801576,68000.000000000,3265753.000000000
1694535235.821567,69000.000000000,1686702.000000000
1694535235.846602,70000.000000000,2809960.000000000
1694535235.869789,71000.000000000,3676857.000000000
1694535235.893666,72000.000000000,3525187.000000000
1694535235.915633,73000.000000000,3382788.000000000
1694535235.939746,74000.000000000,2545995.000000000
1694535235.962380,75000.000000000,3355182.000000000
1694535235.985848,76000.000000000,2479170.000000000
1694535236.008658,77000.000000000,2985642.000000000
1694535236.031408,78000.000000000,2258905.000000000
1694535236.055467,79000.000000000,2793398.000000000
1694535236.077724,80000.000000000,2835430.000000000
1694535236.101705,81000.000000000,2499588.000000000
1694535236.123354,82000.000000000,3430966.000000000
1694535236.148285,83000.000000000,2505109.000000000
1694535236.169944,84000.000000000,3406746.000000000
1694535236.192992,85000.000000000,2135204.000000000
1694535236.215308,86000.000000000,2350938.000000000
1694535236.238522,87000.000000000,2395887.000000000
1694535236.261542,88000.000000000,3563574.000000000
1694535236.285707,89000.000000000,3641023.000000000
1694535236.308612,90000.000000000,3600189.000000000
1694535236.333913,91000.000000000,3569198.000000000
1694535236.356166,92000.000000000,2667301.000000000
1694535236.379210,93000.000000000,1836237.000000000
1694535236.400955,94000.000000000,2569016.000000000
1694535236.427513,95000.000000000,3555188.000000000
1694535236.451161,96000.000000000,3588209.000000000
1694535236.474558,97000.000000000,3475029.000000000
1694535236.499091,98000.000000000,3423466.000000000
1694535236.519151,99000.000000000,862202.000000000
1694535236.539124,100000.000000000,956007.000000000
1694535236.561986,101000.000000000,3139760.000000000
1694535236.586012,102000.000000000,1658108.000000000
1694535236.609286,103000.000000000,2315886.000000000
1694535236.631688,104000.000000000,1734985.000000000
1694535236.653982,105000.000000000,3046998.000000000
1694535236.677621,106000.000000000,3537688.000000000
1694535236.701924,107000.000000000,2336667.000000000
1694535236.725975,108000.000000000,3640242.000000000
1694535236.748615,109000.000000000,2799387.000000000
1694535236.771666,110000.000000000,2325937.000000000
1694535236.796163,111000.000000000,2469900.000000000
1694535236.818402,112000.000000000,2296354.000000000
1694535236.845125,113000.000000000,3447790.000000000
1694535236.869877,114000.000000000,3520551.000000000
1694535236.893025,115000.000000000,2263957.000000000
1694535236.918668,116000.000000000,3000538.000000000
1694535236.946172,117000.000000000,2991007.000000000
1694535236.966058,118000.000000000,3475758.000000000
1694535236.990900,119000.000000000,2435211.000000000
1694535237.014614,120000.000000000,2908453.000000000
1694535237.040432,121000.000000000,3459612.000000000
1694535237.061788,122000.000000000,887464.000000000
1694535237.081837,123000.000000000,837931.000000000
1694535237.106126,124000.000000000,3242315.000000000
1694535237.128912,125000.000000000,901943.000000000
1694535237.149666,126000.000000000,1067729.000000000
1694535237.173627,127000.000000000,3557584.000000000
1694535237.199449,128000.000000000,3544719.000000000
1694535237.221542,129000.000000000,2020045.000000000
1694535237.246928,130000.000000000,3457842.000000000
1694535237.269982,131000.000000000,2335261.000000000
1694535237.294898,132000.000000000,2346615.000000000
1694535237.318730,133000.000000000,2949026.000000000
1694535237.345489,134000.000000000,3856446.000000000
1694535237.370620,135000.000000000,3663471.000000000
1694535237.393993,136000.000000000,2741313.000000000
1694535237.420555,137000.000000000,3718942.000000000
1694535237.446706,138000.000000000,3917280.000000000
1694535237.470367,139000.000000000,2735427.000000000
1694535237.496813,140000.000000000,3521541.000000000
1694535237.523036,141000.000000000,3478415.000000000
1694535237.549213,142000.000000000,3733734.000000000
1694535237.575959,143000.000000000,2463598.000000000
1694535237.599596,144000.000000000,2630008.000000000
1694535237.625200,145000.000000000,2509797.000000000
1694535237.651284,146000.000000000,3737120.000000000
1694535237.677740,147000.000000000,3464769.000000000
1694535237.702995,148000.000000000,2539224.000000000
1694535237.728525,149000.000000000,2913557.000000000
1694535237.754816,150000.000000000,3922437.000000000
1694535237.778667,151000.000000000,2321875.000000000
1694535237.804826,152000.000000000,2560943.000000000
1694535237.831489,153000.000000000,3527322.000000000
1694535237.857929,154000.000000000,3796340.000000000
1694535237.885556,155000.000000000,3764152.000000000
1694535237.912946,156000.000000000,2689384.000000000
1694535237.938464,157000.000000000,3823893.000000000
1694535237.966171,158000.000000000,3744568.000000000
1694535237.992774,159000.000000000,2675373.000000000
1694535238.019196,160000.000000000,2681728.000000000
1694535238.046430,161000.000000000,3677691.000000000
1694535238.075111,162000.000000000,3444247.000000000
1694535238.099559,163000.000000000,2539537.000000000
1694535238.127033,164000.000000000,2751053.000000000
1694535238.153122,165000.000000000,3062154.000000000
1694535238.181479,166000.000000000,3584459.000000000
1694535238.207483,167000.000000000,2736365.000000000
1694535238.233819,168000.000000000,2679280.000000000
1694535238.261331,169000.000000000,3068561.000000000
1694535238.289201,170000.000000000,2915484.000000000
1694535238.315363,171000.000000000,2591049.000000000
1694535238.344018,172000.000000000,3670920.000000000
1694535238.406700,173000.000000000,3725348.000000000
1694535238.406777,174000.000000000,2586205.000000000
1694535238.425953,175000.000000000,3740765.000000000
1694535238.454033,176000.000000000,3759568.000000000
1694535238.482677,177000.000000000,3141532.000000000
1694535238.510428,178000.000000000,3685139.000000000
1694535238.537960,179000.000000000,2858764.000000000
1694535238.566860,180000.000000000,3800767.000000000
1694535238.594670,181000.000000000,865067.000000000
1694535238.616685,182000.000000000,902672.000000000
1694535238.643840,183000.000000000,1159971.000000000
1694535238.673683,184000.000000000,3739515.000000000
1694535238.702087,185000.000000000,3266951.000000000
1694535238.731258,186000.000000000,3526437.000000000
1694535238.759540,187000.000000000,3302733.000000000
1694535238.787750,188000.000000000,2770584.000000000
1694535238.816542,189000.000000000,2960277.000000000
1694535238.846273,190000.000000000,3128093.000000000
1694535238.874047,191000.000000000,3999834.000000000
1694535238.903493,192000.000000000,3697640.000000000
1694535238.930902,193000.000000000,2434065.000000000
1694535238.959524,194000.000000000,2500109.000000000
1694535238.987533,195000.000000000,3586439.000000000
1694535239.016465,196000.000000000,2631258.000000000
1694535239.047224,197000.000000000,3887436.000000000
1694535239.076670,198000.000000000,3529718.000000000
1694535239.108933,199000.000000000,3227836.000000000
1694535239.137950,200000.000000000,2644592.000000000
1694535239.166090,201000.000000000,2453754.000000000
1694535239.197672,202000.000000000,2009836.000000000
1694535239.221608,203000.000000000,2711051.000000000
1694535239.253002,204000.000000000,3815924.000000000
1694535239.282470,205000.000000000,3943843.000000000
1694535239.311805,206000.000000000,2798658.000000000
1694535239.339407,207000.000000000,1017207.000000000
1694535239.367059,208000.000000000,1188669.000000000
1694535239.394885,209000.000000000,1071323.000000000
1694535239.425668,210000.000000000,3518780.000000000
1694535239.455526,211000.000000000,3625814.000000000
1694535239.486444,212000.000000000,4007856.000000000
1694535239.516948,213000.000000000,3813788.000000000
1694535239.547715,214000.000000000,3629878.000000000
1694535239.577994,215000.000000000,2646988.000000000
1694535239.609336,216000.000000000,2532349.000000000
1694535239.638831,217000.000000000,3822174.000000000
1694535239.669568,218000.000000000,3741963.000000000
1694535239.701104,219000.000000000,3768839.000000000
1694535239.731977,220000.000000000,3950719.000000000
1694535239.763416,221000.000000000,3866602.000000000
1694535239.794903,222000.000000000,2885588.000000000
1694535239.825715,223000.000000000,3057259.000000000
1694535239.856571,224000.000000000,4088378.000000000
1694535239.888078,225000.000000000,3636387.000000000
1694535239.927131,226000.000000000,3539719.000000000
1694535239.951280,227000.000000000,3665138.000000000
1694535239.983451,228000.000000000,4015824.000000000
1694535240.023102,229000.000000000,3116792.000000000
1694535240.047495,230000.000000000,3701285.000000000
1694535240.079673,231000.000000000,3687743.000000000
1694535240.111190,232000.000000000,3137833.000000000
1694535240.140643,233000.000000000,1009394.000000000
1694535240.172676,234000.000000000,3480342.000000000
1694535240.202703,235000.000000000,1028665.000000000
1694535240.233811,236000.000000000,1763996.000000000
1694535240.265020,237000.000000000,2232707.000000000
1694535240.301931,238000.000000000,3848580.000000000
1694535240.333743,239000.000000000,3726494.000000000
1694535240.366529,240000.000000000,4085254.000000000
1694535240.397112,241000.000000000,1206118.000000000
1694535240.427122,242000.000000000,1547949.000000000
1694535240.460215,243000.000000000,3630190.000000000
1694535240.493613,244000.000000000,3484457.000000000
1694535240.528367,245000.000000000,3759464.000000000
1694535240.564266,246000.000000000,3589772.000000000
1694535240.598201,247000.000000000,3670452.000000000
1694535240.629276,248000.000000000,3549146.000000000
1694535240.661666,249000.000000000,4147182.000000000
1694535240.694812,250000.000000000,4003636.000000000
1694535240.726957,251000.000000000,2564694.000000000
1694535240.760564,252000.000000000,3786756.000000000
1694535240.794553,253000.000000000,4078430.000000000
1694535240.827848,254000.000000000,3025695.000000000
1694535240.861787,255000.000000000,3910405.000000000
1694535240.896530,256000.000000000,3649253.000000000
1694535240.929938,257000.000000000,4117129.000000000
1694535240.964452,258000.000000000,4085618.000000000
1694535240.998210,259000.000000000,3796027.000000000
1694535241.032928,260000.000000000,3325025.000000000
1694535241.067873,261000.000000000,3942489.000000000
1694535241.101782,262000.000000000,2867983.000000000
1694535241.136916,263000.000000000,3787173.000000000
1694535241.171247,264000.000000000,3828528.000000000
1694535241.205309,265000.000000000,2949495.000000000
1694535241.240521,266000.000000000,3329765.000000000
1694535241.273929,267000.000000000,2618028.000000000
1694535241.309776,268000.000000000,3748474.000000000
1694535241.348166,269000.000000000,4375313.000000000
1694535241.380808,270000.000000000,3959573.000000000
1694535241.415771,271000.000000000,2856212.000000000
1694535241.450784,272000.000000000,3296431.000000000
1694535241.486498,273000.000000000,4259632.000000000
1694535241.521958,274000.000000000,3812278.000000000
1694535241.556890,275000.000000000,2831315.000000000
1694535241.592788,276000.000000000,3714567.000000000
1694535241.627870,277000.000000000,3061946.000000000
1694535241.661610,278000.000000000,1015904.000000000
1694535241.696092,279000.000000000,3544354.000000000
1694535241.732020,280000.000000000,3648836.000000000
1694535241.771860,281000.000000000,4005720.000000000
1694535241.821915,282000.000000000,4160307.000000000
1694535241.842995,283000.000000000,3978792.000000000
1694535241.879052,284000.000000000,3824152.000000000
1694535241.915952,285000.000000000,3797590.000000000
1694535241.952469,286000.000000000,3608158.000000000
1694535241.987378,287000.000000000,3465394.000000000
1694535242.036899,288000.000000000,2563183.000000000
1694535242.060861,289000.000000000,3935979.000000000
1694535242.107748,290000.000000000,4187548.000000000
1694535242.135276,291000.000000000,3831496.000000000
1694535242.172433,292000.000000000,3162105.000000000
1694535242.209547,293000.000000000,2822305.000000000
1694535242.248082,294000.000000000,3653783.000000000
1694535242.282913,295000.000000000,2642144.000000000
1694535242.321213,296000.000000000,3363569.000000000
1694535242.359457,297000.000000000,3722328.000000000
1694535242.395400,298000.000000000,3070801.000000000
1694535242.432049,299000.000000000,2823607.000000000
1694535242.473852,300000.000000000,3733786.000000000
1694535242.508702,301000.000000000,3603678.000000000
1694535242.546560,302000.000000000,4006241.000000000
1694535242.582086,303000.000000000,2681364.000000000
1694535242.618896,304000.000000000,2497713.000000000
1694535242.655454,305000.000000000,2717823.000000000
1694535242.696386,306000.000000000,4414949.000000000
1694535242.737618,307000.000000000,3832799.000000000
1694535242.772447,308000.000000000,3265024.000000000
1694535242.811287,309000.000000000,2743292.000000000
1694535242.853511,310000.000000000,3418518.000000000
1694535242.897298,311000.000000000,3807122.000000000
1694535242.938542,312000.000000000,3710765.000000000
1694535242.975711,313000.000000000,3853841.000000000
1694535243.001972,314000.000000000,4337864.000000000
1694535243.039929,315000.000000000,3188407.000000000
1694535243.080911,316000.000000000,3665398.000000000
1694535243.116617,317000.000000000,2309636.000000000
1694535243.156800,318000.000000000,4295832.000000000
1694535243.192679,319000.000000000,1058978.000000000
1694535243.229521,320000.000000000,877672.000000000
1694535243.268889,321000.000000000,3666440.000000000
1694535243.306540,322000.000000000,1957074.000000000
1694535243.344538,323000.000000000,3719879.000000000
1694535243.386691,324000.000000000,3719306.000000000
1694535243.423599,325000.000000000,2906213.000000000
1694535243.476964,326000.000000000,4058273.000000000
1694535243.504996,327000.000000000,4135411.000000000
1694535243.544743,328000.000000000,3414560.000000000
1694535243.581868,329000.000000000,2843347.000000000
1694535243.623364,330000.000000000,3778474.000000000
1694535243.662867,331000.000000000,3897280.000000000
1694535243.702784,332000.000000000,3655502.000000000
1694535243.742516,333000.000000000,3143980.000000000
1694535243.796587,334000.000000000,4106244.000000000
1694535243.823931,335000.000000000,3593835.000000000
1694535243.866575,336000.000000000,3519666.000000000
1694535243.911538,337000.000000000,3635815.000000000
1694535243.944239,338000.000000000,2634435.000000000
1694535243.985260,339000.000000000,3982334.000000000
1694535244.025615,340000.000000000,3102103.000000000
1694535244.066224,341000.000000000,3189866.000000000
1694535244.108903,342000.000000000,3132208.000000000
1694535244.148446,343000.000000000,3070123.000000000
1694535244.189212,344000.000000000,3001736.000000000
1694535244.229084,345000.000000000,2735323.000000000
1694535244.270821,346000.000000000,3079343.000000000
1694535244.311286,347000.000000000,3062571.000000000
1694535244.354767,348000.000000000,3643159.000000000
1694535244.391869,349000.000000000,2898244.000000000
1694535244.433933,350000.000000000,2759698.000000000
1694535244.474073,351000.000000000,3320077.000000000
1694535244.516077,352000.000000000,3875456.000000000
1694535244.560895,353000.000000000,3744515.000000000
1694535244.599880,354000.000000000,3640034.000000000
1694535244.643198,355000.000000000,4219996.000000000
1694535244.689217,356000.000000000,3738681.000000000
1694535244.726550,357000.000000000,974341.000000000
1694535244.765388,358000.000000000,3616075.000000000
1694535244.808555,359000.000000000,4039784.000000000
1694535244.851840,360000.000000000,3275701.000000000
1694535244.894148,361000.000000000,3900769.000000000
1694535244.939087,362000.000000000,3899988.000000000
1694535244.978601,363000.000000000,3128510.000000000
1694535245.020765,364000.000000000,2962829.000000000
1694535245.062048,365000.000000000,2992777.000000000
1694535245.110286,366000.000000000,2951527.000000000
1694535245.147260,367000.000000000,2695426.000000000
1694535245.191810,368000.000000000,4249736.000000000
1694535245.232783,369000.000000000,3219137.000000000
1694535245.274433,370000.000000000,2825951.000000000
1694535245.320647,371000.000000000,3918582.000000000
1694535245.363103,372000.000000000,3827434.000000000
1694535245.405431,373000.000000000,2757667.000000000
1694535245.449045,374000.000000000,2995747.000000000
1694535245.493522,375000.000000000,3908426.000000000
1694535245.535818,376000.000000000,4115515.000000000
1694535245.578017,377000.000000000,2326354.000000000
1694535245.621655,378000.000000000,3070800.000000000
1694535245.665376,379000.000000000,3367891.000000000
1694535245.708411,380000.000000000,3156688.000000000
1694535245.752629,381000.000000000,4108171.000000000
1694535245.798311,382000.000000000,3886706.000000000
1694535245.839672,383000.000000000,2566360.000000000
1694535245.884490,384000.000000000,4053430.000000000
1694535245.936925,385000.000000000,2765272.000000000
1694535245.971784,386000.000000000,3712535.000000000
1694535246.018142,387000.000000000,3907384.000000000
1694535246.061908,388000.000000000,2528495.000000000
1694535246.105794,389000.000000000,3053300.000000000
1694535246.158896,390000.000000000,3098822.000000000
1694535246.193950,391000.000000000,3936031.000000000
1694535246.238485,392000.000000000,3044237.000000000
1694535246.280047,393000.000000000,968195.000000000
1694535246.325501,394000.000000000,3330964.000000000
1694535246.370326,395000.000000000,3951083.000000000
1694535246.418569,396000.000000000,4559744.000000000
1694535246.464103,397000.000000000,3461227.000000000
1694535246.508180,398000.000000000,3612897.000000000
1694535246.552610,399000.000000000,4312342.000000000
1694535246.600533,400000.000000000,5090539.000000000
1694535246.645269,401000.000000000,2893921.000000000
1694535246.691304,402000.000000000,3571386.000000000
1694535246.737937,403000.000000000,3603834.000000000
1694535246.786637,404000.000000000,4740374.000000000
1694535246.830541,405000.000000000,3610345.000000000
1694535246.878492,406000.000000000,3313983.000000000
1694535246.922802,407000.000000000,3794516.000000000
1694535246.970878,408000.000000000,4380000.000000000
1694535247.017095,409000.000000000,3763891.000000000
1694535247.064139,410000.000000000,3102780.000000000
1694535247.113161,411000.000000000,2854545.000000000
1694535247.157508,412000.000000000,3058040.000000000
1694535247.203225,413000.000000000,3650503.000000000
1694535247.249510,414000.000000000,3188147.000000000
1694535247.305105,415000.000000000,3765714.000000000
1694535247.343218,416000.000000000,4181558.000000000
1694535247.391890,417000.000000000,3872644.000000000
1694535247.436641,418000.000000000,2859857.000000000
1694535247.482152,419000.000000000,2617820.000000000
1694535247.532828,420000.000000000,3858633.000000000
1694535247.594128,421000.000000000,4584172.000000000
1694535247.628174,422000.000000000,5205542.000000000
1694535247.676292,423000.000000000,3251795.000000000
1694535247.727641,424000.000000000,3159866.000000000
1694535247.771936,425000.000000000,3711963.000000000
1694535247.815660,426000.000000000,934028.000000000
1694535247.866915,427000.000000000,3220440.000000000
1694535247.913212,428000.000000000,3820091.000000000
1694535247.961800,429000.000000000,3480602.000000000
1694535248.008919,430000.000000000,4065305.000000000
1694535248.057055,431000.000000000,2609382.000000000
1694535248.104595,432000.000000000,2522661.000000000
1694535248.151260,433000.000000000,4647299.000000000
1694535248.199672,434000.000000000,3835404.000000000
1694535248.247061,435000.000000000,2765167.000000000
1694535248.297972,436000.000000000,3674931.000000000
1694535248.346793,437000.000000000,4632559.000000000
1694535248.395872,438000.000000000,3811445.000000000
1694535248.442337,439000.000000000,2538026.000000000
1694535248.490860,440000.000000000,3791235.000000000
1694535248.542646,441000.000000000,4464482.000000000
1694535248.591718,442000.000000000,4928140.000000000
1694535248.637833,443000.000000000,2886161.000000000
1694535248.689186,444000.000000000,4698290.000000000
1694535248.741803,445000.000000000,5556176.000000000
1694535248.792862,446000.000000000,3985147.000000000
1694535248.841158,447000.000000000,3613783.000000000
1694535248.889798,448000.000000000,3361016.000000000
1694535248.941888,449000.000000000,5761494.000000000
1694535248.991644,450000.000000000,3266899.000000000
1694535249.043056,451000.000000000,4850533.000000000
1694535249.091297,452000.000000000,3171844.000000000
1694535249.142901,453000.000000000,3788162.000000000
1694535249.192301,454000.000000000,3888165.000000000
1694535249.243495,455000.000000000,4074889.000000000
1694535249.297338,456000.000000000,3254034.000000000
1694535249.340143,457000.000000000,1447582.000000000
1694535249.390574,458000.000000000,3559823.000000000
1694535249.444372,459000.000000000,3777120.000000000
1694535249.490646,460000.000000000,3250180.000000000
1694535249.541784,461000.000000000,4385782.000000000
1694535249.592237,462000.000000000,3451591.000000000
1694535249.644424,463000.000000000,4262289.000000000
1694535249.693373,464000.000000000,3429143.000000000
1694535249.744071,465000.000000000,3796652.000000000
1694535249.801767,466000.000000000,4760531.000000000
1694535249.848997,467000.000000000,5236689.000000000
1694535249.901676,468000.000000000,3241534.000000000
1694535249.953735,469000.000000000,4907826.000000000
1694535250.004126,470000.000000000,4127025.000000000
1694535250.054075,471000.000000000,3336901.000000000
1694535250.110235,472000.000000000,4048221.000000000
1694535250.158058,473000.000000000,3250753.000000000
1694535250.212035,474000.000000000,4320676.000000000
1694535250.263517,475000.000000000,2902983.000000000
1694535250.313092,476000.000000000,3061582.000000000
1694535250.364494,477000.000000000,4105306.000000000
1694535250.421679,478000.000000000,6069419.000000000
1694535250.471559,479000.000000000,3489665.000000000
1694535250.522601,480000.000000000,3537114.000000000
1694535250.574705,481000.000000000,3726546.000000000
1694535250.630511,482000.000000000,5803890.000000000
1694535250.682387,483000.000000000,5382734.000000000
1694535250.734470,484000.000000000,3872539.000000000
1694535250.786899,485000.000000000,4023273.000000000
1694535250.842418,486000.000000000,5953217.000000000
1694535250.889592,487000.000000000,1061843.000000000
1694535250.947734,488000.000000000,3388933.000000000
1694535250.994317,489000.000000000,3920041.000000000
1694535251.049493,490000.000000000,3979157.000000000
1694535251.102227,491000.000000000,3331015.000000000
1694535251.153752,492000.000000000,3040539.000000000
1694535251.206965,493000.000000000,4124109.000000000
1694535251.259220,494000.000000000,2794388.000000000
1694535251.311300,495000.000000000,3466800.000000000
1694535251.365490,496000.000000000,4582297.000000000
1694535251.420051,497000.000000000,4100149.000000000
1694535251.477669,498000.000000000,3402268.000000000
1694535251.526610,499000.000000000,4111556.000000000
1694535251.581477,500000.000000000,4737457.000000000
1694535251.641097,501000.000000000,6230099.000000000
1694535251.690478,502000.000000000,4596672.000000000
1694535251.745323,503000.000000000,4194475.000000000
1694535251.799130,504000.000000000,3682222.000000000
1694535251.858483,505000.000000000,3906238.000000000
1694535251.907011,506000.000000000,3182053.000000000
1694535251.962719,507000.000000000,4431512.000000000
1694535252.017791,508000.000000000,4533390.000000000
1694535252.075410,509000.000000000,3105177.000000000
1694535252.126189,510000.000000000,3142312.000000000
1694535252.180339,511000.000000000,4323280.000000000
1694535252.239543,512000.000000000,4341146.000000000
1694535252.291085,513000.000000000,3927020.000000000
1694535252.346518,514000.000000000,4011814.000000000
1694535252.398918,515000.000000000,1575398.000000000
1694535252.456299,516000.000000000,4198173.000000000
1694535252.509265,517000.000000000,3658055.000000000
1694535252.564307,518000.000000000,4036190.000000000
1694535252.647884,519000.000000000,4042023.000000000
1694535252.716590,520000.000000000,3006945.000000000
1694535252.730827,521000.000000000,5397995.000000000
1694535252.785847,522000.000000000,3674253.000000000
1694535252.856151,523000.000000000,5792901.000000000
1694535252.924247,524000.000000000,3996918.000000000
1694535252.993451,525000.000000000,3053456.000000000
1694535253.009653,526000.000000000,4393178.000000000
1694535253.074222,527000.000000000,4097025.000000000
1694535253.134626,528000.000000000,3151740.000000000
1694535253.194764,529000.000000000,4064680.000000000
1694535253.409376,530000.000000000,3800246.000000000
1694535253.409427,531000.000000000,6057699.000000000
1694535253.409443,532000.000000000,4305624.000000000
1694535253.409453,533000.000000000,4021762.000000000
1694535253.465906,534000.000000000,4064211.000000000
1694535253.522346,535000.000000000,4786573.000000000
1694535253.601006,536000.000000000,3185595.000000000
1694535253.669631,537000.000000000,4330885.000000000
1694535253.693103,538000.000000000,4149526.000000000
1694535253.749670,539000.000000000,5085174.000000000
1694535253.807202,540000.000000000,4562973.000000000
1694535253.877974,541000.000000000,5619042.000000000
1694535253.927228,542000.000000000,1120751.000000000
1694535253.978241,543000.000000000,4556671.000000000
1694535254.034867,544000.000000000,3715973.000000000
1694535254.117392,545000.000000000,3009601.000000000
1694535254.148844,546000.000000000,4089003.000000000
1694535254.219652,547000.000000000,4440106.000000000
1694535254.289208,548000.000000000,4837252.000000000
1694535254.360084,549000.000000000,4171506.000000000
1694535254.428405,550000.000000000,4316821.000000000
1694535254.439343,551000.000000000,4248278.000000000
1694535254.497933,552000.000000000,4509275.000000000
1694535254.563251,553000.000000000,4491618.000000000
1694535254.631571,554000.000000000,3810194.000000000
1694535254.701658,555000.000000000,4432137.000000000
1694535254.770042,556000.000000000,5256064.000000000
1694535254.791559,557000.000000000,4613600.000000000
1694535254.850675,558000.000000000,4385990.000000000
1694535254.910183,559000.000000000,5537373.000000000
1694535254.978435,560000.000000000,4632038.000000000
1694535255.044841,561000.000000000,4156245.000000000
1694535255.086601,562000.000000000,3077311.000000000
1694535255.145560,563000.000000000,3719411.000000000
1694535255.204377,564000.000000000,4235257.000000000
1694535255.281048,565000.000000000,4241403.000000000
1694535255.323966,566000.000000000,4238695.000000000
1694535255.383665,567000.000000000,3753682.000000000
1694535255.443896,568000.000000000,4325468.000000000
1694535255.503494,569000.000000000,4032596.000000000
1694535255.565050,570000.000000000,4089784.000000000
1694535255.621625,571000.000000000,4224944.000000000
1694535255.681206,572000.000000000,4227705.000000000
1694535255.741297,573000.000000000,3764204.000000000
1694535255.801198,574000.000000000,3604876.000000000
1694535255.861739,575000.000000000,4500263.000000000
1694535255.923800,576000.000000000,6480054.000000000
1694535255.985571,577000.000000000,4896419.000000000
1694535256.044294,578000.000000000,4188849.000000000
1694535256.104898,579000.000000000,4642611.000000000
1694535256.164817,580000.000000000,4505628.000000000
1694535256.227326,581000.000000000,3929103.000000000
1694535256.289288,582000.000000000,3713942.000000000
1694535256.346231,583000.000000000,4149266.000000000
1694535256.410445,584000.000000000,4824127.000000000
1694535256.473433,585000.000000000,5510550.000000000
1694535256.531965,586000.000000000,3777589.000000000
1694535256.592117,587000.000000000,4900431.000000000
1694535256.653687,588000.000000000,4531879.000000000
1694535256.715154,589000.000000000,3767693.000000000
1694535256.776234,590000.000000000,4826679.000000000
1694535256.837091,591000.000000000,4534431.000000000
1694535256.899096,592000.000000000,4199944.000000000
1694535256.961772,593000.000000000,5966342.000000000
1694535257.023532,594000.000000000,1472739.000000000
1694535257.078961,595000.000000000,1673733.000000000
1694535257.144894,596000.000000000,3723942.000000000
1694535257.209438,597000.000000000,4519795.000000000
1694535257.267698,598000.000000000,4570682.000000000
1694535257.333291,599000.000000000,4051034.000000000
1694535257.393054,600000.000000000,4285310.000000000
1694535257.459012,601000.000000000,6147181.000000000
1694535257.522850,602000.000000000,4005824.000000000
1694535257.582409,603000.000000000,4379375.000000000
1694535257.645017,604000.000000000,4000563.000000000
1694535257.706063,605000.000000000,5141686.000000000
1694535257.769047,606000.000000000,4051867.000000000
1694535257.832863,607000.000000000,3718369.000000000
1694535257.894061,608000.000000000,5412162.000000000
1694535257.958716,609000.000000000,5138249.000000000
1694535258.021672,610000.000000000,3775298.000000000
1694535258.094064,611000.000000000,4786365.000000000
1694535258.151120,612000.000000000,3789047.000000000
1694535258.218735,613000.000000000,6451303.000000000
1694535258.275752,614000.000000000,5320858.000000000
1694535258.340188,615000.000000000,3694722.000000000
1694535258.403599,616000.000000000,5455913.000000000
1694535258.468506,617000.000000000,6357759.000000000
1694535258.528317,618000.000000000,1209399.000000000
1694535258.590715,619000.000000000,1227003.000000000
1694535258.654178,620000.000000000,4402553.000000000
1694535258.719256,621000.000000000,5386693.000000000
1694535258.784038,622000.000000000,5917956.000000000
1694535258.847765,623000.000000000,3824621.000000000
1694535258.913935,624000.000000000,3764360.000000000
1694535258.974297,625000.000000000,4704279.000000000
1694535259.040943,626000.000000000,4414115.000000000
1694535259.105720,627000.000000000,5786077.000000000
1694535259.169673,628000.000000000,5602480.000000000
1694535259.238442,629000.000000000,5402474.000000000
1694535259.299304,630000.000000000,3803476.000000000
1694535259.362931,631000.000000000,3690139.000000000
1694535259.428798,632000.000000000,5761545.000000000
1694535259.494979,633000.000000000,3882956.000000000
1694535259.561055,634000.000000000,5231219.000000000
1694535259.621453,635000.000000000,2295156.000000000
1694535259.689093,636000.000000000,4111088.000000000
1694535259.756277,637000.000000000,3915561.000000000
1694535259.820705,638000.000000000,3964833.000000000
1694535259.886945,639000.000000000,4033585.000000000
1694535259.944800,640000.000000000,4119108.000000000
1694535260.011298,641000.000000000,4444794.000000000
1694535260.074717,642000.000000000,2288854.000000000
1694535260.140659,643000.000000000,4291196.000000000
1694535260.204184,644000.000000000,3964156.000000000
1694535260.270138,645000.000000000,3565761.000000000
1694535260.336845,646000.000000000,4252341.000000000
1694535260.404768,647000.000000000,5181375.000000000
1694535260.467027,648000.000000000,3260701.000000000
1694535260.533603,649000.000000000,4117546.000000000
1694535260.603639,650000.000000000,6281195.000000000
1694535260.669743,651000.000000000,4605578.000000000
1694535260.736130,652000.000000000,3949260.000000000
1694535260.808083,653000.000000000,3796183.000000000
1694535260.869970,654000.000000000,5792327.000000000
1694535260.934036,655000.000000000,4025303.000000000
1694535260.999790,656000.000000000,3988532.000000000
1694535261.065921,657000.000000000,4597454.000000000
1694535261.135469,658000.000000000,4391250.000000000
1694535261.200999,659000.000000000,4363020.000000000
1694535261.266563,660000.000000000,4419845.000000000
1694535261.334287,661000.000000000,4133640.000000000
1694535261.402966,662000.000000000,6636932.000000000
1694535261.470441,663000.000000000,4000147.000000000
1694535261.536949,664000.000000000,3676649.000000000
1694535261.602019,665000.000000000,1176534.000000000
1694535261.669231,666000.000000000,4595266.000000000
1694535261.738032,667000.000000000,4790479.000000000
1694535261.805145,668000.000000000,6233901.000000000
1694535261.876453,669000.000000000,4750947.000000000
1694535261.942048,670000.000000000,4804438.000000000
1694535262.008559,671000.000000000,3857800.000000000
1694535262.076892,672000.000000000,4221090.000000000
1694535262.144978,673000.000000000,4691987.000000000
1694535262.215143,674000.000000000,5212626.000000000
1694535262.284750,675000.000000000,5801130.000000000
1694535262.353457,676000.000000000,4320676.000000000
1694535262.421982,677000.000000000,3192887.000000000
1694535262.489211,678000.000000000,4336405.000000000
1694535262.556965,679000.000000000,4813241.000000000
1694535262.626211,680000.000000000,4585474.000000000
1694535262.693319,681000.000000000,4286664.000000000
1694535262.762878,682000.000000000,3816236.000000000
1694535262.834673,683000.000000000,4631465.000000000
1694535262.903127,684000.000000000,3864050.000000000
1694535262.970918,685000.000000000,3290650.000000000
1694535263.040197,686000.000000000,3758214.000000000
1694535263.108804,687000.000000000,4115566.000000000
1694535263.178385,688000.000000000,4244164.000000000
1694535263.244277,689000.000000000,2915537.000000000
1694535263.311978,690000.000000000,3410913.000000000
1694535263.397033,691000.000000000,6530002.000000000
1694535263.459714,692000.000000000,4694123.000000000
1694535263.524580,693000.000000000,5293461.000000000
1694535263.592455,694000.000000000,3939416.000000000
1694535263.664826,695000.000000000,6835636.000000000
1694535263.738305,696000.000000000,5443152.000000000
1694535263.811537,697000.000000000,4096972.000000000
1694535263.876510,698000.000000000,4156609.000000000
1694535263.947477,699000.000000000,5196949.000000000
1694535264.017663,700000.000000000,3963948.000000000
1694535264.090767,701000.000000000,4156609.000000000
1694535264.158834,702000.000000000,3979365.000000000
1694535264.229816,703000.000000000,6396718.000000000
1694535264.300017,704000.000000000,3949833.000000000
1694535264.369861,705000.000000000,3955042.000000000
1694535264.440690,706000.000000000,3780767.000000000
1694535264.513315,707000.000000000,5949571.000000000
1694535264.583058,708000.000000000,4685425.000000000
1694535264.653027,709000.000000000,3540447.000000000
1694535264.722336,710000.000000000,4058013.000000000
1694535264.792873,711000.000000000,3643471.000000000
1694535264.863584,712000.000000000,3406486.000000000
1694535264.937105,713000.000000000,5443413.000000000
1694535265.008900,714000.000000000,3960875.000000000
1694535265.082975,715000.000000000,5103716.000000000
1694535265.152638,716000.000000000,3998063.000000000
1694535265.223042,717000.000000000,4462138.000000000
1694535265.293258,718000.000000000,3330599.000000000
1694535265.364888,719000.000000000,3993012.000000000
1694535265.438067,720000.000000000,5225438.000000000
1694535265.509018,721000.000000000,4634799.000000000
1694535265.580598,722000.000000000,3978948.000000000
1694535265.653090,723000.000000000,3929989.000000000
1694535265.725273,724000.000000000,3993740.000000000
1694535265.797853,725000.000000000,4462607.000000000
1694535265.870385,726000.000000000,4631100.000000000
1694535265.942060,727000.000000000,4443908.000000000
1694535266.014111,728000.000000000,4818189.000000000
1694535266.086808,729000.000000000,3788267.000000000
1694535266.158738,730000.000000000,3763423.000000000
1694535266.231609,731000.000000000,4381250.000000000
1694535266.304777,732000.000000000,3378204.000000000
1694535266.378213,733000.000000000,4096503.000000000
1694535266.451018,734000.000000000,3914051.000000000
1694535266.524248,735000.000000000,3605032.000000000
1694535266.596141,736000.000000000,6182858.000000000
1694535266.670354,737000.000000000,3827174.000000000
1694535266.741215,738000.000000000,3282160.000000000
1694535266.813766,739000.000000000,4140150.000000000
1694535266.889520,740000.000000000,6678913.000000000
1694535266.963221,741000.000000000,4064315.000000000
1694535267.035746,742000.000000000,3829934.000000000
1694535267.109053,743000.000000000,4650736.000000000
1694535267.185414,744000.000000000,6873656.000000000
1694535267.262841,745000.000000000,4115150.000000000
1694535267.333641,746000.000000000,5660449.000000000
1694535267.407832,747000.000000000,5377422.000000000
1694535267.483063,748000.000000000,5760400.000000000
1694535267.557352,749000.000000000,4016658.000000000
1694535267.630964,750000.000000000,3834310.000000000
1694535267.705408,751000.000000000,4372656.000000000
1694535267.778636,752000.000000000,4535890.000000000
1694535267.854087,753000.000000000,5217261.000000000
1694535267.927219,754000.000000000,3920822.000000000
1694535268.001064,755000.000000000,4206455.000000000
1694535268.077309,756000.000000000,6210724.000000000
1694535268.153442,757000.000000000,4084316.000000000
1694535268.226038,758000.000000000,3905145.000000000
1694535268.303593,759000.000000000,5338618.000000000
1694535268.378883,760000.000000000,4781156.000000000
1694535268.454935,761000.000000000,4986734.000000000
1694535268.529292,762000.000000000,3992387.000000000
1694535268.605186,763000.000000000,5430756.000000000
1694535268.679615,764000.000000000,3983948.000000000
1694535268.757380,765000.000000000,5810818.000000000
1694535268.832974,766000.000000000,4960849.000000000
1694535268.906636,767000.000000000,4445627.000000000
1694535268.981914,768000.000000000,4124317.000000000
1694535269.059121,769000.000000000,4702196.000000000
1694535269.133584,770000.000000000,3545447.000000000
1694535269.211477,771000.000000000,5868736.000000000
1694535269.283244,772000.000000000,1230493.000000000
1694535269.356811,773000.000000000,2240207.000000000
1694535269.434144,774000.000000000,4122025.000000000
1694535269.508630,775000.000000000,4275154.000000000
1694535269.584173,776000.000000000,3909624.000000000
1694535269.663162,777000.000000000,6084731.000000000
1694535269.740665,778000.000000000,5420131.000000000
1694535269.816778,779000.000000000,4079576.000000000
1694535269.892290,780000.000000000,4140255.000000000
1694535269.971990,781000.000000000,6796520.000000000
1694535270.049344,782000.000000000,4224684.000000000
1694535270.123729,783000.000000000,2156507.000000000
1694535270.199463,784000.000000000,4389063.000000000
1694535270.275189,785000.000000000,4430262.000000000
1694535270.354114,786000.000000000,5822381.000000000
1694535270.431027,787000.000000000,3825663.000000000
1694535270.509903,788000.000000000,4058429.000000000
1694535270.587145,789000.000000000,6986264.000000000
1694535270.666857,790000.000000000,4126504.000000000
1694535270.742002,791000.000000000,5450808.000000000
1694535270.837922,792000.000000000,1213827.000000000
1694535270.893601,793000.000000000,4978088.000000000
1694535270.972979,794000.000000000,4689695.000000000
1694535271.052022,795000.000000000,4491409.000000000
1694535271.127662,796000.000000000,3700348.000000000
1694535271.204965,797000.000000000,4916524.000000000
1694535271.284143,798000.000000000,4662351.000000000
1694535271.361358,799000.000000000,3927176.000000000
1694535271.438091,800000.000000000,3454717.000000000
1694535271.513894,801000.000000000,1859936.000000000
1694535271.593496,802000.000000000,4909441.000000000
1694535271.669655,803000.000000000,4489638.000000000
1694535271.747981,804000.000000000,3289503.000000000
1694535271.825838,805000.000000000,4096816.000000000
1694535271.907977,806000.000000000,6044887.000000000
1694535271.985173,807000.000000000,4604590.000000000
1694535272.067021,808000.000000000,4065878.000000000
1694535272.144521,809000.000000000,2996163.000000000
1694535272.222780,810000.000000000,4642715.000000000
1694535272.304358,811000.000000000,5999624.000000000
1694535272.382700,812000.000000000,4645996.000000000
1694535272.461145,813000.000000000,4421825.000000000
1694535272.542191,814000.000000000,3752381.000000000
1694535272.623875,815000.000000000,4265414.000000000
1694535272.701848,816000.000000000,3881914.000000000
1694535272.784351,817000.000000000,3973376.000000000
1694535272.864213,818000.000000000,6909388.000000000
1694535272.943536,819000.000000000,5048402.000000000
1694535273.023505,820000.000000000,4077545.000000000
1694535273.102927,821000.000000000,4528129.000000000
1694535273.183812,822000.000000000,4594173.000000000
1694535273.267504,823000.000000000,5413100.000000000
1694535273.348472,824000.000000000,5401172.000000000
1694535273.427580,825000.000000000,3849102.000000000
1694535273.511084,826000.000000000,7054026.000000000
1694535273.590907,827000.000000000,3938895.000000000
1694535273.670475,828000.000000000,3772485.000000000
1694535273.751160,829000.000000000,4611934.000000000
1694535273.834143,830000.000000000,7108508.000000000
1694535273.918034,831000.000000000,4394896.000000000
1694535273.995438,832000.000000000,3796756.000000000
1694535274.076306,833000.000000000,4310624.000000000
1694535274.158117,834000.000000000,5796963.000000000
1694535274.239731,835000.000000000,4029262.000000000
1694535274.320648,836000.000000000,3734516.000000000
1694535274.400148,837000.000000000,3958219.000000000
1694535274.482007,838000.000000000,4543338.000000000
1694535274.563791,839000.000000000,4717093.000000000
1694535274.644062,840000.000000000,5241637.000000000
1694535274.729597,841000.000000000,4661257.000000000
1694535274.812648,842000.000000000,5679096.000000000
1694535274.892328,843000.000000000,3889780.000000000
1694535274.973934,844000.000000000,3951239.000000000
1694535275.058044,845000.000000000,4068742.000000000
1694535275.140645,846000.000000000,3818736.000000000
1694535275.221044,847000.000000000,4779229.000000000
1694535275.305023,848000.000000000,6429688.000000000
1694535275.388172,849000.000000000,5445965.000000000
1694535275.469753,850000.000000000,4378333.000000000
1694535275.551871,851000.000000000,4124421.000000000
1694535275.633567,852000.000000000,4772979.000000000
1694535275.715750,853000.000000000,3360860.000000000
1694535275.798395,854000.000000000,5158458.000000000
1694535275.882092,855000.000000000,5014652.000000000
1694535275.965807,856000.000000000,4569849.000000000
1694535276.047034,857000.000000000,4267341.000000000
1694535276.129488,858000.000000000,4625631.000000000
1694535276.213196,859000.000000000,5288357.000000000
1694535276.296567,860000.000000000,4694331.000000000
1694535276.378902,861000.000000000,3807486.000000000
1694535276.462757,862000.000000000,4226611.000000000
1694535276.547013,863000.000000000,6410468.000000000
1694535276.630123,864000.000000000,4246247.000000000
1694535276.712095,865000.000000000,3815247.000000000
1694535276.795448,866000.000000000,3949312.000000000
1694535276.882450,867000.000000000,6358227.000000000
1694535276.965068,868000.000000000,4340416.000000000
1694535277.048931,869000.000000000,4387605.000000000
1694535277.131456,870000.000000000,3653523.000000000
1694535277.217339,871000.000000000,6139055.000000000
1694535277.303757,872000.000000000,5675606.000000000
1694535277.391575,873000.000000000,5543623.000000000
1694535277.473521,874000.000000000,5658835.000000000
1694535277.557818,875000.000000000,5697169.000000000
1694535277.643260,876000.000000000,4145775.000000000
1694535277.726240,877000.000000000,3891134.000000000
1694535277.818455,878000.000000000,4482711.000000000
1694535277.895237,879000.000000000,4847929.000000000
1694535277.980973,880000.000000000,4939962.000000000
1694535278.065777,881000.000000000,4903347.000000000
1694535278.156082,882000.000000000,3402945.000000000
1694535278.235696,883000.000000000,5056111.000000000
1694535278.320606,884000.000000000,4309113.000000000
1694535278.404706,885000.000000000,3972490.000000000
1694535278.487307,886000.000000000,1329506.000000000
1694535278.569638,887000.000000000,2389585.000000000
1694535278.655089,888000.000000000,5301169.000000000
1694535278.741039,889000.000000000,6717299.000000000
1694535278.826625,890000.000000000,4300363.000000000
1694535278.911465,891000.000000000,4569692.000000000
1694535279.010208,892000.000000000,5055174.000000000
1694535279.084127,893000.000000000,5282680.000000000
1694535279.169623,894000.000000000,5646022.000000000
1694535279.257029,895000.000000000,4372344.000000000
1694535279.344617,896000.000000000,5317941.000000000
1694535279.431641,897000.000000000,6321768.000000000
1694535279.517016,898000.000000000,3975979.000000000
1694535279.603120,899000.000000000,4289216.000000000
1694535279.690198,900000.000000000,5226636.000000000
1694535279.776355,901000.000000000,3919728.000000000
1694535279.861508,902000.000000000,3981345.000000000
1694535279.953426,903000.000000000,4538181.000000000
1694535280.030823,904000.000000000,2676780.000000000
1694535280.118143,905000.000000000,4115931.000000000
1694535280.203054,906000.000000000,4221923.000000000
1694535280.304542,907000.000000000,4751989.000000000
1694535280.381552,908000.000000000,6064522.000000000
1694535280.467515,909000.000000000,3280754.000000000
1694535280.555596,910000.000000000,5763890.000000000
1694535280.641514,911000.000000000,4575578.000000000
1694535280.730978,912000.000000000,5838579.000000000
1694535280.817608,913000.000000000,4314530.000000000
1694535280.904493,914000.000000000,4002594.000000000
1694535280.992566,915000.000000000,5793422.000000000
1694535281.082482,916000.000000000,6706726.000000000
1694535281.170396,917000.000000000,3832903.000000000
1694535281.254561,918000.000000000,2827513.000000000
1694535281.342842,919000.000000000,4226246.000000000
1694535281.433474,920000.000000000,6043532.000000000
1694535281.522205,921000.000000000,3958219.000000000
1694535281.605742,922000.000000000,1411384.000000000
1694535281.694343,923000.000000000,4220934.000000000
1694535281.782249,924000.000000000,5016475.000000000
1694535281.871121,925000.000000000,4806470.000000000
1694535281.961978,926000.000000000,6687246.000000000
1694535282.049691,927000.000000000,4220413.000000000
1694535282.138445,928000.000000000,4115306.000000000
1694535282.227193,929000.000000000,3950875.000000000
1694535282.317556,930000.000000000,5630345.000000000
1694535282.402611,931000.000000000,3938531.000000000
1694535282.492861,932000.000000000,4205985.000000000
1694535282.582780,933000.000000000,5758160.000000000
1694535282.672984,934000.000000000,6258016.000000000
1694535282.761251,935000.000000000,3935718.000000000
1694535282.850321,936000.000000000,4138119.000000000
1694535282.940012,937000.000000000,4075462.000000000
1694535283.027696,938000.000000000,3988740.000000000
1694535283.116174,939000.000000000,4512973.000000000
1694535283.205613,940000.000000000,4206141.000000000
1694535283.298303,941000.000000000,6089784.000000000
1694535283.388666,942000.000000000,5573833.000000000
1694535283.477806,943000.000000000,4000616.000000000
1694535283.568246,944000.000000000,5603885.000000000
1694535283.658985,945000.000000000,5794620.000000000
1694535283.751278,946000.000000000,5925144.000000000
1694535283.845976,947000.000000000,3970250.000000000
1694535283.934205,948000.000000000,4384531.000000000
1694535284.022580,949000.000000000,6338435.000000000
1694535284.111457,950000.000000000,4172599.000000000
1694535284.201040,951000.000000000,3830611.000000000
1694535284.289608,952000.000000000,4160932.000000000
1694535284.382191,953000.000000000,5849309.000000000
1694535284.477418,954000.000000000,3399871.000000000
1694535284.564396,955000.000000000,3991605.000000000
1694535284.651393,956000.000000000,4020252.000000000
1694535284.743768,957000.000000000,4694279.000000000
1694535284.833154,958000.000000000,4347864.000000000
1694535284.924734,959000.000000000,3839882.000000000
1694535285.015935,960000.000000000,3422319.000000000
1694535285.107240,961000.000000000,6074575.000000000
1694535285.197289,962000.000000000,3629304.000000000
1694535285.287527,963000.000000000,4461930.000000000
1694535285.379334,964000.000000000,3662847.000000000
1694535285.473246,965000.000000000,5524977.000000000
1694535285.566126,966000.000000000,5201479.000000000
1694535285.656956,967000.000000000,4983557.000000000
1694535285.752645,968000.000000000,4661622.000000000
1694535285.846574,969000.000000000,5516904.000000000
1694535285.938808,970000.000000000,4324165.000000000
1694535286.029526,971000.000000000,3815455.000000000
1694535286.120836,972000.000000000,4587558.000000000
1694535286.210493,973000.000000000,2205257.000000000
1694535286.301474,974000.000000000,4600058.000000000
1694535286.394099,975000.000000000,4960745.000000000
1694535286.485555,976000.000000000,4159526.000000000
1694535286.578179,977000.000000000,4809751.000000000
1694535286.674795,978000.000000000,4801157.000000000
1694535286.763926,979000.000000000,5412891.000000000
1694535286.854250,980000.000000000,4107546.000000000
1694535286.948749,981000.000000000,3970927.000000000
1694535287.042061,982000.000000000,5793265.000000000
1694535287.163525,983000.000000000,5716493.000000000
1694535287.226849,984000.000000000,4141244.000000000
1694535287.325907,985000.000000000,4787719.000000000
1694535287.418147,986000.000000000,5549978.000000000
1694535287.509839,987000.000000000,5757275.000000000
1694535287.603536,988000.000000000,5269554.000000000
1694535287.698049,989000.000000000,4330207.000000000
1694535287.794473,990000.000000000,5628886.000000000
1694535287.887436,991000.000000000,4065461.000000000
1694535287.983446,992000.000000000,5511487.000000000
1694535288.075022,993000.000000000,4393178.000000000
1694535288.170560,994000.000000000,5063351.000000000
1694535288.263864,995000.000000000,4279061.000000000
1694535288.357339,996000.000000000,4430470.000000000
1694535288.457435,997000.000000000,3803892.000000000
1694535288.547135,998000.000000000,5923008.000000000
1694535288.642053,999000.000000000,4219580.000000000
1694535288.734549,1000000.000000000,4484118.000000000
1694535288.830194,1001000.000000000,6449063.000000000
1694535288.925263,1002000.000000000,6706726.000000000
1694535289.020582,1003000.000000000,4403439.000000000
1694535289.114997,1004000.000000000,3952385.000000000
1694535289.203495,1005000.000000000,1414717.000000000
1694535289.297531,1006000.000000000,2578340.000000000
1694535289.401612,1007000.000000000,4597974.000000000
1694535289.493991,1008000.000000000,4870898.000000000
1694535289.584921,1009000.000000000,5619407.000000000
1694535289.680540,1010000.000000000,5431121.000000000
1694535289.775685,1011000.000000000,4124785.000000000
1694535289.871443,1012000.000000000,3924467.000000000
1694535289.982316,1013000.000000000,4729749.000000000
1694535290.069661,1014000.000000000,5565603.000000000
1694535290.163022,1015000.000000000,5227209.000000000
1694535290.257361,1016000.000000000,4842096.000000000
1694535290.356192,1017000.000000000,4786782.000000000
1694535290.449202,1018000.000000000,4691571.000000000
1694535290.545186,1019000.000000000,4961160.000000000
1694535290.640851,1020000.000000000,5855871.000000000
1694535290.733625,1021000.000000000,1441228.000000000
1694535290.830782,1022000.000000000,4148641.000000000
1694535290.925378,1023000.000000000,5242574.000000000
1694535291.021362,1024000.000000000,4944337.000000000
1694535291.117660,1025000.000000000,4591621.000000000
1694535291.217470,1026000.000000000,6076918.000000000
1694535291.315138,1027000.000000000,5219032.000000000
1694535291.410870,1028000.000000000,4213954.000000000
1694535291.506340,1029000.000000000,4021709.000000000
1694535291.602417,1030000.000000000,4633392.000000000
1694535291.700385,1031000.000000000,6259632.000000000
1694535291.797495,1032000.000000000,4510941.000000000
1694535291.893244,1033000.000000000,4320519.000000000
1694535291.992384,1034000.000000000,4783187.000000000
1694535292.090426,1035000.000000000,6546409.000000000
1694535292.188113,1036000.000000000,4093222.000000000
1694535292.282627,1037000.000000000,1331642.000000000
1694535292.378774,1038000.000000000,4357916.000000000
1694535292.477138,1039000.000000000,6520732.000000000
1694535292.574479,1040000.000000000,4495263.000000000
1694535292.671146,1041000.000000000,4184422.000000000
1694535292.768028,1042000.000000000,4626516.000000000
1694535292.869281,1043000.000000000,6229995.000000000
1694535292.975559,1044000.000000000,4171141.000000000
1694535293.066111,1045000.000000000,4214371.000000000
1694535293.163265,1046000.000000000,3502270.000000000
1694535293.263536,1047000.000000000,6166608.000000000
1694535293.359722,1048000.000000000,4158797.000000000
1694535293.456417,1049000.000000000,4029471.000000000
1694535293.555116,1050000.000000000,5881757.000000000
1694535293.655133,1051000.000000000,5161426.000000000
1694535293.754909,1052000.000000000,5755452.000000000
1694535293.850528,1053000.000000000,2202913.000000000
1694535293.949980,1054000.000000000,4353125.000000000
1694535294.049406,1055000.000000000,5362317.000000000
1694535294.146756,1056000.000000000,3818267.000000000
1694535294.244311,1057000.000000000,4546462.000000000
1694535294.342028,1058000.000000000,4025772.000000000
1694535294.442370,1059000.000000000,5068663.000000000
1694535294.541619,1060000.000000000,5749723.000000000
1694535294.642380,1061000.000000000,4249580.000000000
1694535294.741060,1062000.000000000,4079003.000000000
1694535294.838831,1063000.000000000,4211142.000000000
1694535294.938077,1064000.000000000,5225542.000000000
1694535295.038009,1065000.000000000,4997933.000000000
1694535295.139586,1066000.000000000,4122859.000000000
1694535295.234472,1067000.000000000,4064054.000000000
1694535295.331156,1068000.000000000,2330001.000000000
1694535295.432125,1069000.000000000,5002985.000000000
1694535295.530665,1070000.000000000,4163640.000000000
1694535295.631045,1071000.000000000,6008531.000000000
1694535295.732955,1072000.000000000,5640136.000000000
1694535295.833416,1073000.000000000,4060618.000000000
1694535295.933872,1074000.000000000,5750556.000000000
1694535296.032944,1075000.000000000,4009053.000000000
1694535296.135777,1076000.000000000,5944571.000000000
1694535296.236869,1077000.000000000,4109316.000000000
1694535296.335790,1078000.000000000,4355052.000000000
1694535296.438444,1079000.000000000,4220986.000000000
1694535296.538559,1080000.000000000,6620213.000000000
1694535296.638309,1081000.000000000,4422814.000000000
1694535296.736654,1082000.000000000,3983740.000000000
1694535296.838264,1083000.000000000,4172599.000000000
1694535296.941205,1084000.000000000,3381016.000000000
1694535297.038718,1085000.000000000,4349374.000000000
1694535297.138130,1086000.000000000,3933531.000000000
1694535297.237999,1087000.000000000,4278696.000000000
1694535297.341053,1088000.000000000,6422187.000000000
1694535297.441136,1089000.000000000,4391563.000000000
1694535297.543296,1090000.000000000,5133457.000000000
1694535297.644982,1091000.000000000,4195412.000000000
1694535297.746431,1092000.000000000,5259658.000000000
1694535297.849602,1093000.000000000,5091372.000000000
1694535297.951465,1094000.000000000,6046241.000000000
1694535298.056380,1095000.000000000,4265726.000000000
1694535298.159019,1096000.000000000,3854831.000000000
1694535298.260319,1097000.000000000,4303800.000000000
1694535298.363095,1098000.000000000,5615917.000000000
1694535298.463544,1099000.000000000,4210725.000000000
1694535298.566308,1100000.000000000,4184995.000000000
1694535298.669166,1101000.000000000,5375495.000000000
1694535298.774190,1102000.000000000,6710372.000000000
1694535298.875069,1103000.000000000,4352500.000000000
1694535298.978921,1104000.000000000,5551853.000000000
1694535299.082821,1105000.000000000,5841704.000000000
1694535299.185745,1106000.000000000,5853735.000000000
1694535299.287697,1107000.000000000,4097285.000000000
1694535299.390576,1108000.000000000,4285883.000000000
1694535299.494387,1109000.000000000,5517216.000000000
1694535299.602420,1110000.000000000,6862146.000000000
1694535299.701924,1111000.000000000,4371250.000000000
1694535299.812492,1112000.000000000,4345989.000000000
1694535299.913211,1113000.000000000,5861652.000000000
1694535300.010911,1114000.000000000,1756497.000000000
1694535300.114442,1115000.000000000,3996865.000000000
1694535300.219617,1116000.000000000,4301248.000000000
1694535300.325113,1117000.000000000,6028323.000000000
1694535300.432113,1118000.000000000,5774828.000000000
1694535300.536629,1119000.000000000,5411589.000000000
1694535300.640165,1120000.000000000,5818682.000000000
1694535300.746428,1121000.000000000,6970170.000000000
1694535300.850165,1122000.000000000,4288956.000000000
1694535300.954617,1123000.000000000,4081711.000000000
1694535301.057293,1124000.000000000,4436148.000000000
1694535301.161146,1125000.000000000,6249475.000000000
1694535301.265534,1126000.000000000,4534535.000000000
1694535301.371379,1127000.000000000,5631543.000000000
1694535301.470924,1128000.000000000,1526178.000000000
1694535301.602088,1129000.000000000,4588599.000000000
1694535301.680894,1130000.000000000,4388959.000000000
1694535301.784448,1131000.000000000,4071503.000000000
1694535301.888362,1132000.000000000,4168433.000000000
1694535301.995763,1133000.000000000,6506200.000000000
1694535302.100856,1134000.000000000,4274685.000000000
1694535302.207124,1135000.000000000,5876236.000000000
1694535302.315246,1136000.000000000,5489091.000000000
1694535302.418015,1137000.000000000,5570759.000000000
1694535302.523673,1138000.000000000,6428542.000000000
1694535302.630318,1139000.000000000,6661256.000000000
1694535302.737104,1140000.000000000,4407345.000000000
1694535302.843130,1141000.000000000,4502399.000000000
1694535302.948648,1142000.000000000,4277811.000000000
1694535303.052243,1143000.000000000,4128796.000000000
1694535303.155970,1144000.000000000,2888295.000000000
1694535303.262791,1145000.000000000,4127598.000000000
1694535303.371727,1146000.000000000,6710215.000000000
1694535303.477692,1147000.000000000,6378905.000000000
1694535303.585489,1148000.000000000,5891445.000000000
1694535303.693471,1149000.000000000,5946186.000000000
1694535303.800074,1150000.000000000,5671648.000000000
1694535303.908185,1151000.000000000,6052282.000000000
1694535304.015609,1152000.000000000,5744462.000000000
1694535304.121541,1153000.000000000,5876236.000000000
1694535304.229521,1154000.000000000,6145306.000000000
1694535304.337380,1155000.000000000,5845194.000000000
1694535304.444900,1156000.000000000,5919779.000000000
1694535304.546233,1157000.000000000,1465864.000000000
1694535304.655159,1158000.000000000,4554640.000000000
1694535304.763634,1159000.000000000,6033324.000000000
1694535304.871884,1160000.000000000,6018792.000000000
1694535304.978189,1161000.000000000,4819282.000000000
1694535305.087238,1162000.000000000,6266975.000000000
1694535305.193322,1163000.000000000,4661622.000000000
1694535305.302615,1164000.000000000,5869725.000000000
1694535305.408486,1165000.000000000,4855481.000000000
1694535305.518055,1166000.000000000,6578389.000000000
1694535305.628296,1167000.000000000,4264008.000000000
1694535305.736304,1168000.000000000,5511174.000000000
1694535305.843469,1169000.000000000,3556802.000000000
1694535305.955109,1170000.000000000,6576618.000000000
1694535306.059803,1171000.000000000,1511022.000000000
1694535306.166209,1172000.000000000,1584981.000000000
1694535306.272192,1173000.000000000,4327656.000000000
1694535306.382617,1174000.000000000,6277444.000000000
1694535306.491274,1175000.000000000,4214475.000000000
1694535306.597650,1176000.000000000,3760193.000000000
1694535306.705120,1177000.000000000,4183746.000000000
1694535306.816026,1178000.000000000,5399141.000000000
1694535306.924002,1179000.000000000,5482164.000000000
1694535307.033374,1180000.000000000,6479063.000000000
1694535307.141709,1181000.000000000,4400886.000000000
1694535307.252194,1182000.000000000,5470965.000000000
1694535307.360959,1183000.000000000,4296768.000000000
1694535307.470758,1184000.000000000,5919988.000000000
1694535307.580287,1185000.000000000,6211870.000000000
1694535307.691633,1186000.000000000,5757692.000000000
1694535307.800133,1187000.000000000,5458413.000000000
1694535307.911083,1188000.000000000,6931472.000000000
1694535308.021029,1189000.000000000,5814568.000000000
1694535308.130322,1190000.000000000,4345104.000000000
1694535308.242758,1191000.000000000,4466044.000000000
1694535308.352515,1192000.000000000,5542426.000000000
1694535308.462871,1193000.000000000,3451018.000000000
1694535308.572006,1194000.000000000,4098014.000000000
1694535308.682482,1195000.000000000,5439819.000000000
1694535308.793193,1196000.000000000,4944962.000000000
1694535308.901597,1197000.000000000,4343229.000000000
1694535309.011891,1198000.000000000,4719123.000000000
1694535309.119470,1199000.000000000,2464379.000000000
1694535309.229332,1200000.000000000,4217913.000000000
1694535309.341665,1201000.000000000,5202313.000000000
1694535309.451091,1202000.000000000,5359661.000000000
1694535309.563725,1203000.000000000,6274163.000000000
1694535309.676987,1204000.000000000,6179317.000000000
1694535309.783631,1205000.000000000,1209295.000000000
1694535309.897823,1206000.000000000,5978791.000000000
1694535310.009750,1207000.000000000,6164472.000000000
1694535310.121451,1208000.000000000,4297394.000000000
1694535310.230755,1209000.000000000,3933270.000000000
1694535310.341027,1210000.000000000,4631152.000000000
1694535310.455046,1211000.000000000,6878344.000000000
1694535310.569761,1212000.000000000,4379740.000000000
1694535310.674493,1213000.000000000,1458311.000000000
1694535310.785603,1214000.000000000,4285727.000000000
1694535310.899383,1215000.000000000,6050876.000000000
1694535311.010483,1216000.000000000,4235569.000000000
1694535311.121898,1217000.000000000,4102077.000000000
1694535311.233517,1218000.000000000,6012125.000000000
1694535311.346611,1219000.000000000,6300101.000000000
1694535311.459625,1220000.000000000,5612584.000000000
1694535311.572582,1221000.000000000,5897330.000000000
1694535311.682863,1222000.000000000,4133223.000000000
1694535311.797755,1223000.000000000,5207470.000000000
1694535311.908979,1224000.000000000,4387604.000000000
1694535312.016534,1225000.000000000,1190388.000000000
1694535312.131185,1226000.000000000,4173745.000000000
1694535312.239471,1227000.000000000,2393179.000000000
1694535312.354631,1228000.000000000,4755062.000000000
1694535312.466071,1229000.000000000,5399558.000000000
1694535312.575974,1230000.000000000,4170880.000000000
1694535312.690942,1231000.000000000,6024470.000000000
1694535312.807069,1232000.000000000,6207702.000000000
1694535312.920073,1233000.000000000,4938869.000000000
1694535313.031903,1234000.000000000,5709513.000000000
1694535313.144954,1235000.000000000,4341040.000000000
1694535313.261045,1236000.000000000,7234708.000000000
1694535313.375895,1237000.000000000,6330310.000000000
1694535313.487903,1238000.000000000,4293592.000000000
1694535313.601526,1239000.000000000,4385208.000000000
1694535313.715720,1240000.000000000,5409818.000000000
1694535313.829045,1241000.000000000,4356145.000000000
1694535313.941462,1242000.000000000,4166297.000000000
1694535314.055764,1243000.000000000,5882122.000000000
1694535314.171611,1244000.000000000,6934648.000000000
1694535314.285231,1245000.000000000,4417449.000000000
1694535314.399247,1246000.000000000,4292603.000000000
1694535314.515345,1247000.000000000,4449950.000000000
1694535314.629286,1248000.000000000,6464324.000000000
1694535314.743500,1249000.000000000,4416928.000000000
1694535314.856542,1250000.000000000,4068534.000000000
1694535314.972831,1251000.000000000,4166818.000000000
1694535315.099317,1252000.000000000,6452813.000000000
1694535315.205898,1253000.000000000,3550135.000000000
1694535315.342729,1254000.000000000,1325392.000000000
1694535315.423274,1255000.000000000,3741911.000000000
1694535315.540862,1256000.000000000,6332758.000000000
1694535315.659198,1257000.000000000,4011553.000000000
1694535315.772615,1258000.000000000,4124265.000000000
1694535315.887157,1259000.000000000,4183641.000000000
1694535316.004559,1260000.000000000,6340987.000000000
1694535316.121029,1261000.000000000,4317082.000000000
1694535316.234933,1262000.000000000,3459196.000000000
1694535316.347880,1263000.000000000,4237497.000000000
1694535316.464601,1264000.000000000,5932539.000000000
1694535316.585247,1265000.000000000,5822068.000000000
1694535316.712320,1266000.000000000,5257001.000000000
1694535316.850718,1267000.000000000,1547012.000000000
1694535316.945065,1268000.000000000,3975459.000000000
1694535317.043884,1269000.000000000,4285987.000000000
1694535317.158569,1270000.000000000,5533623.000000000
1694535317.273888,1271000.000000000,5768786.000000000
1694535317.390542,1272000.000000000,5486695.000000000
1694535317.509292,1273000.000000000,7003504.000000000
1694535317.648404,1274000.000000000,6779436.000000000
1694535317.760108,1275000.000000000,4341770.000000000
1694535317.875021,1276000.000000000,4836991.000000000
1694535317.975022,1277000.000000000,4600058.000000000
1694535318.092120,1278000.000000000,5463361.000000000
1694535318.208182,1279000.000000000,4324478.000000000
1694535318.321082,1280000.000000000,1595763.000000000
1694535318.438594,1281000.000000000,5641803.000000000
1694535318.558457,1282000.000000000,5157051.000000000
1694535318.679401,1283000.000000000,5931342.000000000
1694535318.792728,1284000.000000000,4358177.000000000
1694535318.909853,1285000.000000000,5462996.000000000
1694535319.027256,1286000.000000000,4246195.000000000
1694535319.144519,1287000.000000000,6066398.000000000
1694535319.262841,1288000.000000000,5824151.000000000
1694535319.381205,1289000.000000000,6731727.000000000
1694535319.710483,1290000.000000000,4173953.000000000
1694535319.710537,1291000.000000000,5672689.000000000
1694535319.732863,1292000.000000000,5058975.000000000
1694535319.853290,1293000.000000000,6869230.000000000
1694535319.971301,1294000.000000000,4784490.000000000
1694535320.092351,1295000.000000000,5902018.000000000
1694535320.206613,1296000.000000000,4926472.000000000
1694535320.327466,1297000.000000000,6841364.000000000
1694535320.443043,1298000.000000000,4383594.000000000
1694535320.561570,1299000.000000000,4216506.000000000
1694535320.679627,1300000.000000000,4543858.000000000
1694535320.799601,1301000.000000000,6490471.000000000
1694535320.917909,1302000.000000000,4398646.000000000
1694535321.036882,1303000.000000000,5744098.000000000
1694535321.156719,1304000.000000000,6092439.000000000
1694535321.275422,1305000.000000000,5526175.000000000
1694535321.394273,1306000.000000000,5381379.000000000
1694535321.511521,1307000.000000000,3827850.000000000
1694535321.630630,1308000.000000000,4239684.000000000
1694535321.750814,1309000.000000000,5409245.000000000
1694535321.872554,1310000.000000000,6120305.000000000
1694535321.989928,1311000.000000000,4083274.000000000
1694535322.108129,1312000.000000000,4227288.000000000
1694535322.227360,1313000.000000000,6114263.000000000
1694535322.349824,1314000.000000000,7057204.000000000
1694535322.471136,1315000.000000000,6985484.000000000
1694535322.591489,1316000.000000000,5976863.000000000
1694535322.709402,1317000.000000000,4610892.000000000
1694535322.830725,1318000.000000000,4993193.000000000
1694535322.946903,1319000.000000000,2282238.000000000
1694535323.066304,1320000.000000000,3508989.000000000
1694535323.184415,1321000.000000000,3742067.000000000
1694535323.306817,1322000.000000000,6409271.000000000
1694535323.426240,1323000.000000000,4824230.000000000
1694535323.545858,1324000.000000000,4528598.000000000
1694535323.665761,1325000.000000000,4887253.000000000
1694535323.786903,1326000.000000000,5336170.000000000
1694535323.907099,1327000.000000000,4291092.000000000
1694535324.027995,1328000.000000000,5368619.000000000
1694535324.146746,1329000.000000000,4356927.000000000
1694535324.269023,1330000.000000000,6766362.000000000
1694535324.394911,1331000.000000000,4909805.000000000
1694535324.506815,1332000.000000000,1351382.000000000
1694535324.627015,1333000.000000000,4401251.000000000
1694535324.749674,1334000.000000000,6568650.000000000
1694535324.870297,1335000.000000000,4624850.000000000
1694535324.990942,1336000.000000000,5327680.000000000
1694535325.113598,1337000.000000000,4476982.000000000
1694535325.237552,1338000.000000000,6979858.000000000
1694535325.357980,1339000.000000000,4830220.000000000
1694535325.478207,1340000.000000000,3525187.000000000
1694535325.598669,1341000.000000000,4448491.000000000
1694535325.722157,1342000.000000000,7217520.000000000
1694535325.845706,1343000.000000000,5856288.000000000
1694535325.964557,1344000.000000000,3984573.000000000
1694535326.083721,1345000.000000000,1815560.000000000
1694535326.207508,1346000.000000000,6621672.000000000
1694535326.330546,1347000.000000000,5991968.000000000
1694535326.452825,1348000.000000000,5690190.000000000
1694535326.575949,1349000.000000000,6104159.000000000
1694535326.697635,1350000.000000000,5454142.000000000
1694535326.821870,1351000.000000000,5934103.000000000
1694535326.946781,1352000.000000000,6961576.000000000
1694535327.071490,1353000.000000000,4459169.000000000
1694535327.194274,1354000.000000000,5508727.000000000
1694535327.315793,1355000.000000000,4498024.000000000
1694535327.439636,1356000.000000000,5576384.000000000
1694535327.556867,1357000.000000000,1626440.000000000
1694535327.681224,1358000.000000000,4524327.000000000
1694535327.806550,1359000.000000000,7265752.000000000
1694535327.929064,1360000.000000000,5442110.000000000
1694535328.053360,1361000.000000000,5868788.000000000
1694535328.173931,1362000.000000000,2930901.000000000
1694535328.298726,1363000.000000000,5605344.000000000
1694535328.420701,1364000.000000000,5496956.000000000
1694535328.543876,1365000.000000000,4560526.000000000
1694535328.666711,1366000.000000000,4276612.000000000
1694535328.794262,1367000.000000000,6676673.000000000
1694535328.917774,1368000.000000000,7074392.000000000
1694535329.041658,1369000.000000000,5863944.000000000
1694535329.165509,1370000.000000000,4554276.000000000
1694535329.290050,1371000.000000000,5624251.000000000
1694535329.414076,1372000.000000000,4488076.000000000
1694535329.536676,1373000.000000000,4062284.000000000
1694535329.663527,1374000.000000000,4487607.000000000
1694535329.789704,1375000.000000000,7221010.000000000
1694535329.914313,1376000.000000000,4722613.000000000
1694535330.037962,1377000.000000000,4142546.000000000
1694535330.160894,1378000.000000000,4424429.000000000
1694535330.286083,1379000.000000000,6710372.000000000
1694535330.411324,1380000.000000000,4293435.000000000
1694535330.537234,1381000.000000000,4714332.000000000
1694535330.659209,1382000.000000000,4207652.000000000
1694535330.784572,1383000.000000000,6717612.000000000
1694535330.910924,1384000.000000000,4417293.000000000
1694535331.035867,1385000.000000000,5613521.000000000
1694535331.162554,1386000.000000000,6153326.000000000
1694535331.291167,1387000.000000000,7044494.000000000
1694535331.415061,1388000.000000000,4511514.000000000
1694535331.541603,1389000.000000000,5732847.000000000
1694535331.671257,1390000.000000000,4489273.000000000
1694535331.792457,1391000.000000000,5986239.000000000
1694535331.919478,1392000.000000000,5708264.000000000
1694535332.044850,1393000.000000000,5525342.000000000
1694535332.164791,1394000.000000000,1584825.000000000
1694535332.290418,1395000.000000000,4559693.000000000
1694535332.418565,1396000.000000000,6311560.000000000
1694535332.547043,1397000.000000000,5855454.000000000
1694535332.670978,1398000.000000000,4326405.000000000
1694535332.793588,1399000.000000000,2553704.000000000
1694535332.922904,1400000.000000000,6115357.000000000
1694535333.048628,1401000.000000000,4864908.000000000
1694535333.177351,1402000.000000000,6650526.000000000
1694535333.306768,1403000.000000000,5819777.000000000
1694535333.434682,1404000.000000000,5914466.000000000
1694535333.561986,1405000.000000000,5889049.000000000
1694535333.684079,1406000.000000000,1684932.000000000
1694535333.814470,1407000.000000000,4796885.000000000
1694535333.937825,1408000.000000000,5770088.000000000
1694535334.066748,1409000.000000000,5139186.000000000
1694535334.190981,1410000.000000000,3679201.000000000
1694535334.318374,1411000.000000000,4764385.000000000
1694535334.446383,1412000.000000000,5560291.000000000
1694535334.573489,1413000.000000000,4743759.000000000
1694535334.700496,1414000.000000000,4998662.000000000
1694535334.825903,1415000.000000000,4853345.000000000
1694535334.967008,1416000.000000000,6645162.000000000
1694535335.084374,1417000.000000000,5843944.000000000
1694535335.207332,1418000.000000000,1425707.000000000
1694535335.332970,1419000.000000000,2992517.000000000
1694535335.463538,1420000.000000000,6771571.000000000
1694535335.590870,1421000.000000000,4401824.000000000
1694535335.717546,1422000.000000000,4427814.000000000
1694535335.852965,1423000.000000000,4726728.000000000
1694535335.975809,1424000.000000000,6786780.000000000
1694535336.103657,1425000.000000000,5963061.000000000
1694535336.233201,1426000.000000000,5965093.000000000
1694535336.360640,1427000.000000000,4560682.000000000
1694535336.492232,1428000.000000000,7280960.000000000
1694535336.622051,1429000.000000000,6177962.000000000
1694535336.749615,1430000.000000000,4748343.000000000
1694535336.876689,1431000.000000000,4437762.000000000
1694535337.007692,1432000.000000000,6773498.000000000
1694535337.137181,1433000.000000000,4457919.000000000
1694535337.266717,1434000.000000000,6100877.000000000
1694535337.398785,1435000.000000000,4338124.000000000
1694535337.525178,1436000.000000000,5773056.000000000
1694535337.656887,1437000.000000000,6580264.000000000
1694535337.785548,1438000.000000000,5175125.000000000
1694535337.915244,1439000.000000000,6124055.000000000
1694535338.045089,1440000.000000000,5847329.000000000
1694535338.174921,1441000.000000000,4471357.000000000
1694535338.298620,1442000.000000000,1317631.000000000
1694535338.428286,1443000.000000000,4625684.000000000
1694535338.557583,1444000.000000000,4740686.000000000
1694535338.691069,1445000.000000000,7491068.000000000
1694535338.821380,1446000.000000000,6375676.000000000
1694535338.950450,1447000.000000000,4416043.000000000
1694535339.080376,1448000.000000000,4430679.000000000
1694535339.210538,1449000.000000000,4830741.000000000
1694535339.344228,1450000.000000000,5842016.000000000
1694535339.482163,1451000.000000000,4406928.000000000
1694535339.603602,1452000.000000000,5851496.000000000
1694535339.737200,1453000.000000000,7534560.000000000
1694535339.867860,1454000.000000000,4293696.000000000
1694535339.997585,1455000.000000000,5874829.000000000
1694535340.129780,1456000.000000000,6008584.000000000
1694535340.260634,1457000.000000000,5267471.000000000
1694535340.391610,1458000.000000000,4359583.000000000
1694535340.521391,1459000.000000000,4182130.000000000
1694535340.652562,1460000.000000000,5648418.000000000
1694535340.787745,1461000.000000000,7034496.000000000
1694535340.920452,1462000.000000000,6409166.000000000
1694535341.051674,1463000.000000000,5433308.000000000
1694535341.181773,1464000.000000000,4291196.000000000
1694535341.322249,1465000.000000000,5583676.000000000
1694535341.445687,1466000.000000000,3078144.000000000
1694535341.577754,1467000.000000000,5815193.000000000
1694535341.706759,1468000.000000000,3577793.000000000
1694535341.842718,1469000.000000000,6641932.000000000
1694535341.975169,1470000.000000000,4560474.000000000
1694535342.108705,1471000.000000000,5630031.000000000
1694535342.238115,1472000.000000000,5018610.000000000
1694535342.373568,1473000.000000000,5791546.000000000
1694535342.503767,1474000.000000000,5813370.000000000
1694535342.636040,1475000.000000000,5356484.000000000
1694535342.767113,1476000.000000000,4297446.000000000
1694535342.895690,1477000.000000000,2621987.000000000
1694535343.030660,1478000.000000000,4357968.000000000
1694535343.161864,1479000.000000000,5294555.000000000
1694535343.294612,1480000.000000000,4646986.000000000
1694535343.430489,1481000.000000000,6351769.000000000
1694535343.563199,1482000.000000000,4391094.000000000
1694535343.696840,1483000.000000000,6010302.000000000
1694535343.830554,1484000.000000000,4534327.000000000
1694535343.963733,1485000.000000000,5739774.000000000
1694535344.097530,1486000.000000000,6142337.000000000
1694535344.231518,1487000.000000000,5244032.000000000
1694535344.363735,1488000.000000000,4550108.000000000
1694535344.497661,1489000.000000000,4903087.000000000
1694535344.631802,1490000.000000000,5917904.000000000
1694535344.765794,1491000.000000000,5999104.000000000
1694535344.897637,1492000.000000000,4687873.000000000
1694535345.031552,1493000.000000000,4325884.000000000
1694535345.166363,1494000.000000000,4403855.000000000
1694535345.297381,1495000.000000000,4636257.000000000
1694535345.429413,1496000.000000000,4631517.000000000
1694535345.566343,1497000.000000000,4640580.000000000
1694535345.701133,1498000.000000000,6104992.000000000
1694535345.837132,1499000.000000000,5958634.000000000
1694535345.965588,1500000.000000000,1441852.000000000
1694535346.102011,1501000.000000000,5887747.000000000
